player_name,predictor_season,team_fg,power_skill_score,contact_skill_score,speed_skill_score,breakout_score
Aaron Judge,2022,NYY,3.6155,-0.6515,0.0,1.8346
Aaron Judge,2024,NYY,3.5963,-0.9089,0.0,1.7182
Yordan Alvarez,2022,HOU,2.8042,0.4266,0.0,1.705
Shohei Ohtani,2024,LAD,2.9412,-0.4439,0.0,1.6108
Ronald Acuna Jr.,2023,ATL,1.9985,1.2345,0.0,1.606
Aaron Judge,2023,NYY,3.6274,-1.4824,0.0,1.5726
Juan Soto,2024,NYY,2.3011,0.4993,0.0,1.4258
Giancarlo Stanton,2024,NYY,2.8018,-1.5383,0.0,1.331
Yordan Alvarez,2023,HOU,2.051,0.6711,0.0,1.2947
Vladimir Guerrero Jr.,2024,TOR,1.6147,0.8365,0.0,1.2167
Matt Olson,2023,ATL,1.9735,-0.5386,0.0,1.1994
Shohei Ohtani,2022,LAA,2.1185,-0.6117,0.0,1.1909
Shohei Ohtani,2023,LAA,2.3215,-0.5651,0.0,1.1535
Oneil Cruz,2024,PIT,2.265,-1.5162,0.0,1.1461
Giancarlo Stanton,2022,NYY,2.6527,-1.8227,0.0,1.1288
Yordan Alvarez,2024,HOU,1.6779,0.9921,0.0,1.1203
Kyle Schwarber,2022,PHI,2.3746,-1.2459,0.0,1.11
Ketel Marte,2024,ARI,1.4137,0.4984,0.0,1.0985
Juan Soto,2023,SDP,1.2038,0.7269,0.0,1.0606
Bobby Witt Jr.,2024,KCR,1.5778,0.8427,0.0,1.0491
Fernando Tatis Jr.,2024,SDP,1.6457,-0.2357,0.0,1.037
Vladimir Guerrero Jr.,2022,TOR,1.3131,0.5256,0.0,1.0132
Yandy Diaz,2024,TBR,0.6164,1.2714,0.0,1.0001
Mike Trout,2022,LAA,2.1802,-1.1303,0.0,0.9715
Austin Riley,2022,ATL,1.7267,-0.4057,0.0,0.9335
Ronald Acuna Jr.,2022,ATL,1.2776,-0.3824,0.0,0.9155
Matt Chapman,2023,TOR,1.7817,-1.0935,0.0,0.9033
Patrick Wisdom,2023,CHC,2.1227,-1.8629,0.0,0.9033
Matt Olson,2022,ATL,1.5895,-0.7283,0.0,0.8924
Rowdy Tellez,2022,MIL,1.3465,0.1318,0.0,0.8764
Corey Seager,2023,TEX,1.4439,0.6085,0.0,0.8742
Joc Pederson,2023,SFG,1.1411,0.1176,0.0,0.8599
Yandy Diaz,2023,TBR,0.6941,0.9519,0.0,0.84
Kyle Schwarber,2024,PHI,1.7497,-1.2377,0.0,0.8389
Austin Riley,2024,ATL,1.5832,-0.5464,0.0,0.8369
Joc Pederson,2022,SFG,1.5309,0.0199,0.0,0.8329
Corey Seager,2024,TEX,1.4028,0.4379,0.0,0.8244
Jake Burger,2023,- - -,1.7471,-0.8842,0.0,0.8142
Mike Trout,2023,LAA,1.4391,-0.8394,0.0,0.813
Marcell Ozuna,2023,ATL,1.529,-0.1318,0.0,0.8126
Rafael Devers,2023,BOS,1.1872,-0.038,0.0,0.8083
Giancarlo Stanton,2023,NYY,1.8502,-1.3961,0.0,0.8046
Pete Alonso,2022,NYM,1.1219,0.4136,0.0,0.7955
Julio Rodriguez,2022,SEA,1.4418,-0.8285,0.0,0.7856
Juan Soto,2022,- - -,0.9507,0.9455,0.0,0.7827
Pete Alonso,2024,NYM,1.157,-0.1436,0.0,0.782
Vladimir Guerrero Jr.,2023,TOR,0.947,0.7605,0.0,0.7816
Marcell Ozuna,2024,ATL,1.5397,-0.7797,0.0,0.7518
Matt Chapman,2024,SFG,1.2348,-0.2344,0.0,0.7446
Lars Nootbaar,2024,STL,0.626,0.5567,0.0,0.7394
Matt Wallner,2024,MIN,2.057,-2.5756,0.0,0.7355
Seiya Suzuki,2024,CHC,1.0873,-0.5286,0.0,0.7312
Jesus Sanchez,2024,MIA,1.2364,-0.6979,0.0,0.7233
Austin Riley,2023,ATL,1.2926,-0.3979,0.0,0.7225
William Contreras,2024,MIL,1.025,-0.2103,0.0,0.7215
Manny Machado,2024,SDP,1.0146,0.2428,0.0,0.7168
Matt Wallner,2023,MIN,1.921,-1.7909,0.0,0.7143
Julio Rodriguez,2023,SEA,1.1082,-0.2957,0.0,0.7108
Sean Murphy,2023,ATL,1.3515,-0.1646,0.0,0.7106
Jose Ramirez,2024,CLE,0.5387,1.5367,0.0,0.7105
Eloy Jimenez,2022,CHW,1.442,-0.6598,0.0,0.7075
Christian Yelich,2022,MIL,0.6791,-0.201,0.0,0.7044
Yandy Diaz,2022,TBR,0.1549,1.6226,0.0,0.6834
Gunnar Henderson,2024,BAL,0.896,-0.0887,0.0,0.6783
Jorge Soler,2023,MIA,1.2927,-0.2351,0.0,0.6778
Spencer Torkelson,2023,DET,1.1037,-0.2466,0.0,0.649
Carlos Correa,2022,MIN,0.8269,0.2851,0.0,0.6484
Vinnie Pasquantino,2022,KCR,0.4975,1.4954,0.0,0.6475
Seiya Suzuki,2023,CHC,0.6522,0.1655,0.0,0.6446
Rafael Devers,2024,BOS,1.2806,-0.9957,0.0,0.6394
Adolis Garcia,2023,TEX,1.5294,-1.0173,0.0,0.6392
Gary Sanchez,2022,MIN,1.2523,-0.9596,0.0,0.6377
Willson Contreras,2023,STL,1.0352,-0.1679,0.0,0.636
Byron Buxton,2023,MIN,1.4421,-1.1726,0.0,0.6355
Kyle Schwarber,2023,PHI,1.6039,-1.1787,0.0,0.6327
Francisco Lindor,2024,NYM,1.0471,0.2586,0.0,0.6234
Christian Walker,2024,ARI,1.158,-0.3405,0.0,0.6215
Anthony Santander,2024,BAL,0.88,0.493,0.0,0.6183
Jake Bauers,2023,NYY,1.4693,-1.6573,0.0,0.6175
Jose Abreu,2022,CHW,0.6744,0.6475,0.0,0.6158
Teoscar Hernandez,2022,TOR,1.5087,-1.3486,0.0,0.6128
Freddie Freeman,2022,LAD,0.5773,0.9446,0.0,0.6117
Gary Sanchez,2023,- - -,1.2414,-0.3334,0.0,0.5954
Cal Raleigh,2024,SEA,1.4401,-0.9752,0.0,0.5857
Randal Grichuk,2024,ARI,0.6968,0.9043,0.0,0.5837
Byron Buxton,2022,MIN,1.7463,-1.493,0.0,0.5771
Matt Olson,2024,ATL,1.0223,-0.568,0.0,0.5752
Ketel Marte,2023,ARI,0.4609,0.7619,0.0,0.5726
Mookie Betts,2023,LAD,0.7431,1.1851,0.0,0.5723
Joc Pederson,2024,ARI,1.0548,-0.1835,0.0,0.5719
Jorge Soler,2022,MIA,1.2397,-1.2644,0.0,0.566
Gunnar Henderson,2023,BAL,0.8037,-0.4956,0.0,0.5653
Riley Greene,2024,DET,1.0623,-0.7056,0.0,0.5614
Bryce Harper,2022,PHI,1.1534,-0.1967,0.0,0.5595
Pete Alonso,2023,NYM,1.1112,-0.0956,0.0,0.5593
Matt Chapman,2022,TOR,1.1915,-1.0558,0.0,0.5588
Rafael Devers,2022,BOS,1.0747,-0.1602,0.0,0.5554
Luis Robert Jr.,2022,CHW,0.6573,0.2685,0.0,0.5529
Vinnie Pasquantino,2024,KCR,0.1921,1.6293,0.0,0.5528
Bo Bichette,2022,TOR,0.5984,0.155,0.0,0.5525
Elly De La Cruz,2023,CIN,0.6078,-1.0863,0.0,0.5447
J.D. Davis,2022,- - -,1.5666,-2.4122,0.0,0.5359
Max Kepler,2023,MIN,0.7592,0.3719,0.0,0.5338
C.J. Cron,2022,COL,0.7156,-0.3252,0.0,0.5315
Lars Nootbaar,2022,STL,0.9562,-0.0479,0.0,0.5301
Brent Rooker,2024,OAK,1.5849,-1.0842,0.0,0.5255
Willson Contreras,2022,CHC,0.875,-0.4102,0.0,0.5226
Tommy Pham,2023,- - -,0.651,0.0486,0.0,0.517
Bobby Witt Jr.,2023,KCR,0.7053,0.5335,0.0,0.5142
Ryan Jeffers,2023,MIN,0.9205,-0.6342,0.0,0.5135
J.D. Martinez,2023,LAD,1.5383,-1.2623,0.0,0.5135
Wilyer Abreu,2024,BOS,0.9285,-0.9454,0.0,0.5124
Taylor Ward,2022,LAA,0.8293,0.106,0.0,0.5119
Bryce Harper,2023,PHI,1.288,-0.3401,0.0,0.5093
Carlos Correa,2024,MIN,0.4417,0.7007,0.0,0.5087
Michael Conforto,2024,SFG,0.7992,-0.3049,0.0,0.5065
Michael Harris II,2024,ATL,0.6029,0.0236,0.0,0.5021
Tyler O'Neill,2024,BOS,1.5831,-1.8482,0.0,0.4971
Jake Burger,2024,MIA,1.0844,-0.5764,0.0,0.4926
Michael Harris II,2023,ATL,0.4826,0.4271,0.0,0.4914
Jack Suwinski,2023,PIT,1.3143,-1.3031,0.0,0.4787
Manny Machado,2023,SDP,0.6667,0.3673,0.0,0.4732
Bo Bichette,2023,TOR,0.2768,0.7472,0.0,0.4676
Anthony Santander,2022,BAL,0.744,0.5221,0.0,0.461
Jorge Soler,2024,- - -,1.0554,-0.4561,0.0,0.4581
Cal Raleigh,2022,SEA,1.4711,-1.3232,0.0,0.4485
William Contreras,2022,ATL,1.1387,-1.3699,0.0,0.4422
Mitch Garver,2023,TEX,0.7372,-0.0539,0.0,0.4412
Ryan Mountcastle,2023,BAL,0.8292,-0.0347,0.0,0.4385
Randy Arozarena,2023,TBR,0.9074,-0.6148,0.0,0.4352
Andrew Vaughn,2022,CHW,0.2855,0.7174,0.0,0.4343
Paul Goldschmidt,2022,STL,0.7768,-0.2925,0.0,0.4328
Jesus Sanchez,2023,MIA,0.7226,-0.6099,0.0,0.4313
Adolis Garcia,2024,TEX,1.1229,-1.2573,0.0,0.4308
Jo Adell,2024,LAA,0.9296,-0.9387,0.0,0.4297
Bryce Harper,2024,PHI,0.7068,0.0459,0.0,0.4296
Nathaniel Lowe,2022,TEX,0.4927,-0.0574,0.0,0.4286
Triston Casas,2023,BOS,0.888,-0.5968,0.0,0.4277
Jackson Merrill,2024,SDP,0.5851,0.616,0.0,0.424
Manny Machado,2022,SDP,0.6568,0.0092,0.0,0.424
Brandon Drury,2022,- - -,0.4641,0.2486,0.0,0.4228
Marcell Ozuna,2022,ATL,0.983,-0.4577,0.0,0.4219
Ian Happ,2024,CHC,0.8596,-0.7357,0.0,0.4202
Nolan Jones,2023,COL,1.186,-1.3828,0.0,0.4199
Ryan Mountcastle,2022,BAL,1.2233,-0.783,0.0,0.4192
Teoscar Hernandez,2024,LAD,1.2297,-1.3952,0.0,0.417
Riley Greene,2023,DET,0.6677,-0.7221,0.0,0.4165
Brandon Nimmo,2023,NYM,0.4083,0.2848,0.0,0.4129
Ryan McMahon,2022,COL,0.7512,-0.77,0.0,0.4129
Michael Toglia,2024,COL,1.5609,-1.6469,0.0,0.4098
Heliot Ramos,2024,SFG,1.0886,-0.6352,0.0,0.4083
Ke'Bryan Hayes,2023,PIT,0.2644,0.7452,0.0,0.4073
Lawrence Butler,2024,OAK,0.7211,-0.417,0.0,0.406
Carlos Correa,2023,MIN,0.4143,0.0812,0.0,0.4027
Josh Naylor,2022,CLE,0.2723,0.8155,0.0,0.4023
Jose Ramirez,2022,CLE,0.0448,1.5322,0.0,0.4007
Paul Goldschmidt,2023,STL,0.6581,-0.4242,0.0,0.4006
Sean Murphy,2022,OAK,0.5445,0.0773,0.0,0.3999
Christian Yelich,2024,MIL,0.243,0.5079,0.0,0.399
Christian Walker,2022,ARI,0.7368,0.1658,0.0,0.399
Alejandro Kirk,2024,TOR,-0.0585,1.4503,0.0,0.3984
Colton Cowser,2024,BAL,1.038,-1.2513,0.0,0.3957
Christian Yelich,2023,MIL,0.3766,-0.0812,0.0,0.3949
Anthony Santander,2023,BAL,0.5332,0.0901,0.0,0.3939
Anthony Rizzo,2022,NYY,0.6739,0.4097,0.0,0.3918
Ketel Marte,2022,ARI,0.1899,0.4673,0.0,0.3913
Jarren Duran,2024,BOS,0.4864,0.1231,0.0,0.3851
Shea Langeliers,2024,OAK,1.0147,-0.7469,0.0,0.3835
Garrett Cooper,2022,MIA,0.4969,-0.2275,0.0,0.3799
Christopher Morel,2023,CHC,1.357,-1.6267,0.0,0.3752
Salvador Perez,2024,KCR,0.9088,0.157,0.0,0.3691
Julio Rodriguez,2024,SEA,0.7529,-0.7092,0.0,0.3591
Kyle Tucker,2023,HOU,0.26,1.1709,0.0,0.3568
Josh Naylor,2023,CLE,0.0969,1.263,0.0,0.3558
Max Muncy,2022,LAD,0.9467,-0.7072,0.0,0.3552
George Springer,2023,TOR,0.0949,0.4562,0.0,0.353
Joey Gallo,2022,- - -,1.6332,-2.9648,0.0,0.3489
Freddie Freeman,2024,LAD,0.2544,0.694,0.0,0.3467
Mookie Betts,2022,LAD,0.3138,1.0734,0.0,0.3443
Max Kepler,2022,MIN,0.0958,0.9525,0.0,0.3435
Rowdy Tellez,2023,MIL,0.3169,0.1046,0.0,0.3434
Ryan O'Hearn,2023,BAL,0.3428,0.1915,0.0,0.3415
William Contreras,2023,MIL,0.428,-0.1842,0.0,0.3406
Byron Buxton,2024,MIN,1.1215,-0.9612,0.0,0.3393
Carlos Santana,2022,- - -,0.4238,0.4377,0.0,0.3376
Nolan Gorman,2023,STL,1.2927,-1.6206,0.0,0.3363
Ryan McMahon,2024,COL,0.73,-1.129,0.0,0.3334
Ryan Mountcastle,2024,BAL,0.4002,-0.0756,0.0,0.3328
James Wood,2024,WSN,0.6126,-1.0051,0.0,0.3285
Kyle Tucker,2022,HOU,0.4633,0.7289,0.0,0.3283
Riley Greene,2022,DET,0.2555,-0.5472,0.0,0.3265
Tommy Pham,2022,- - -,0.4232,-0.5609,0.0,0.325
Francisco Lindor,2023,NYM,0.5061,0.3707,0.0,0.3248
Alejandro Kirk,2022,TOR,-0.094,1.5275,0.0,0.3238
Brandon Nimmo,2024,NYM,0.4272,-0.0576,0.0,0.3225
Joey Gallo,2023,MIN,1.9241,-3.198,0.0,0.3207
Francisco Alvarez,2023,NYM,0.8307,-0.7948,0.0,0.3146
Josh Bell,2023,- - -,0.3934,0.1164,0.0,0.3137
Fernando Tatis Jr.,2023,SDP,0.6722,-0.4759,0.0,0.3108
Andrew Vaughn,2024,CHW,0.4064,0.3916,0.0,0.31
Kyle Tucker,2024,HOU,0.6586,0.7551,0.0,0.3055
Elly De La Cruz,2024,CIN,1.0413,-1.4908,0.0,0.3032
Paul Goldschmidt,2024,STL,0.5601,-0.7985,0.0,0.3032
Matt Vierling,2022,PHI,-0.0465,0.5211,0.0,0.2993
J.T. Realmuto,2022,PHI,0.5446,-0.1147,0.0,0.2979
Mark Vientos,2024,NYM,1.1014,-1.45,0.0,0.2953
Trayce Thompson,2022,- - -,1.451,-2.2673,0.0,0.295
Brendan Rodgers,2022,COL,0.0658,0.4803,0.0,0.2929
Alec Bohm,2024,PHI,-0.1103,1.2134,0.0,0.2889
Bryan De La Cruz,2022,MIA,0.6787,-0.5589,0.0,0.2876
Victor Caratini,2022,MIL,-0.0403,0.343,0.0,0.2872
Adolis Garcia,2022,TEX,1.1009,-1.3619,0.0,0.2855
Gary Sanchez,2024,MIL,0.6673,-0.8624,0.0,0.283
Wyatt Langford,2024,TEX,0.3049,0.1635,0.0,0.2815
Kerry Carpenter,2024,DET,1.1924,-0.5757,0.0,0.2814
Hunter Renfroe,2022,MIL,0.703,-0.3394,0.0,0.2805
Salvador Perez,2022,KCR,0.8634,-0.6096,0.0,0.2804
Christian Walker,2023,ARI,0.4829,0.132,0.0,0.2797
Seiya Suzuki,2022,CHC,0.4834,-0.0906,0.0,0.2784
Rowdy Tellez,2024,PIT,0.3202,0.3669,0.0,0.2771
Bryan Reynolds,2023,PIT,0.5273,-0.0839,0.0,0.2761
Ke'Bryan Hayes,2022,PIT,-0.1874,0.4298,0.0,0.2714
Seth Brown,2022,OAK,0.858,-0.6619,0.0,0.2708
Daniel Vogelbach,2022,- - -,0.3837,0.117,0.0,0.2702
Willson Contreras,2024,STL,0.9261,-1.144,0.0,0.2693
Jurickson Profar,2024,SDP,0.0146,1.0332,0.0,0.2665
Will Smith,2022,LAD,0.3191,0.716,0.0,0.2613
Ezequiel Duran,2023,TEX,0.3662,-0.5659,0.0,0.2612
Freddie Freeman,2023,LAD,0.2909,0.7379,0.0,0.2603
Trevor Larnach,2024,MIN,0.6497,-0.1682,0.0,0.2592
Max Muncy,2023,LAD,0.9786,-0.7417,0.0,0.2585
Jorge Polanco,2023,MIN,0.6132,-0.1061,0.0,0.2568
Brent Rooker,2023,OAK,1.2526,-1.6954,0.0,0.2541
Corbin Carroll,2023,ARI,0.0814,0.5385,0.0,0.2483
DJ LeMahieu,2022,NYY,-0.372,1.4612,0.0,0.2473
Seth Brown,2023,OAK,0.7794,-0.6739,0.0,0.2447
Michael Harris II,2022,ATL,0.4298,-0.3553,0.0,0.2443
Jordan Westburg,2024,BAL,0.6804,-0.2715,0.0,0.2375
Eric Hosmer,2022,- - -,-0.266,1.2042,0.0,0.2354
Christian Arroyo,2022,BOS,-0.1389,0.9726,0.0,0.2346
Jesus Sanchez,2022,MIA,0.565,-0.6382,0.0,0.2336
Teoscar Hernandez,2023,SEA,0.9392,-1.4384,0.0,0.233
David Peralta,2022,- - -,0.3969,-0.1937,0.0,0.2324
MJ Melendez,2023,KCR,0.8782,-1.2908,0.0,0.2265
Taylor Ward,2023,LAA,0.1051,0.6745,0.0,0.2262
Ivan Herrera,2024,STL,0.1614,0.2015,0.0,0.2221
Jose Ramirez,2023,CLE,-0.1123,1.6658,0.0,0.2207
Luis Robert Jr.,2023,CHW,0.9824,-1.0179,0.0,0.2144
Corey Seager,2022,TEX,0.5739,0.4245,0.0,0.2144
Lars Nootbaar,2023,STL,-0.0298,0.6352,0.0,0.2139
Andrew Vaughn,2023,CHW,0.1266,0.3978,0.0,0.2109
Gleyber Torres,2022,NYY,0.5932,-0.4392,0.0,0.2097
Bobby Witt Jr.,2022,KCR,0.4034,-0.001,0.0,0.2088
Wander Franco,2022,TBR,-0.5215,1.8986,0.0,0.208
Yainer Diaz,2024,HOU,0.0243,0.5933,0.0,0.2065
Andy Pages,2024,LAD,0.4109,-0.2513,0.0,0.2047
Mike Yastrzemski,2022,SFG,0.4592,-0.2242,0.0,0.2036
Brandon Nimmo,2022,NYM,-0.0583,0.6797,0.0,0.2036
Patrick Wisdom,2022,CHC,1.1802,-2.1273,0.0,0.2035
Will Smith,2024,LAD,0.311,0.485,0.0,0.2031
Tyler Stephenson,2024,CIN,0.2009,0.1565,0.0,0.2017
Tommy Pham,2024,- - -,0.0996,-0.0807,0.0,0.2014
J.T. Realmuto,2024,PHI,0.2291,-0.1746,0.0,0.1988
Willy Adames,2022,MIL,0.7012,-0.7697,0.0,0.1979
Matt Vierling,2023,DET,-0.4338,0.617,0.0,0.1972
Shea Langeliers,2023,OAK,0.9152,-1.1523,0.0,0.196
Cal Raleigh,2023,SEA,0.7301,-0.8795,0.0,0.193
Nolan Arenado,2022,STL,0.1314,1.3365,0.0,0.1904
Eloy Jimenez,2023,CHW,0.353,0.157,0.0,0.1893
Trevor Story,2022,BOS,0.6607,-1.1932,0.0,0.1883
Adley Rutschman,2023,BAL,-0.2847,1.37,0.0,0.1877
Nelson Cruz,2022,WSN,0.5226,-0.7864,0.0,0.1852
Tyler O'Neill,2023,STL,0.455,-0.2588,0.0,0.1847
Josh Bell,2022,- - -,-0.045,0.6312,0.0,0.1838
Lourdes Gurriel Jr.,2023,ARI,-0.1479,1.0111,0.0,0.1834
Eugenio Suarez,2022,SEA,1.0486,-1.6195,0.0,0.1825
Carlos Santana,2024,MIN,0.1285,0.4145,0.0,0.1805
Brandon Drury,2023,LAA,0.4636,-0.5441,0.0,0.1801
Jonah Heim,2022,TEX,0.0453,0.4069,0.0,0.178
LaMonte Wade Jr.,2024,SFG,0.2908,0.0323,0.0,0.1768
Willy Adames,2024,MIL,0.6361,-0.6028,0.0,0.1767
Masataka Yoshida,2023,BOS,-0.2985,1.0844,0.0,0.1753
Alex Verdugo,2022,BOS,-0.2818,1.3803,0.0,0.1688
Gabriel Moreno,2024,ARI,-0.1632,0.9804,0.0,0.1677
Jack Suwinski,2022,PIT,0.6309,-1.1571,0.0,0.1676
Alex Bregman,2024,HOU,-0.3225,1.4784,0.0,0.1668
Rhys Hoskins,2024,MIL,0.541,-0.7703,0.0,0.1662
Christian Bethancourt,2022,- - -,0.7732,-1.0476,0.0,0.1636
Gleyber Torres,2023,NYY,0.0075,0.882,0.0,0.1587
Yainer Diaz,2023,HOU,0.4838,0.285,0.0,0.1579
Matt Vierling,2024,DET,-0.0302,0.4127,0.0,0.1577
Adley Rutschman,2022,BAL,-0.1159,0.8303,0.0,0.1558
Corbin Carroll,2024,ARI,-0.0546,0.544,0.0,0.154
Taylor Ward,2024,LAA,0.696,-0.4718,0.0,0.1535
Alec Burleson,2024,STL,-0.1609,1.1326,0.0,0.1519
Alec Bohm,2022,PHI,-0.0801,0.5733,0.0,0.1514
Luis Garcia Jr.,2024,WSN,-0.0673,0.8324,0.0,0.1479
Ji-Man Choi,2022,TBR,0.7847,-1.5262,0.0,0.1461
Max Kepler,2024,MIN,0.0594,0.331,0.0,0.1395
Masataka Yoshida,2024,BOS,-0.4497,1.547,0.0,0.1381
George Springer,2022,TOR,0.247,-0.0914,0.0,0.1379
A.J. Pollock,2022,CHW,0.1691,0.37,0.0,0.1378
Jake Cronenworth,2024,SDP,-0.1475,0.8508,0.0,0.1367
Brandon Marsh,2023,PHI,0.1946,-0.6569,0.0,0.1364
Brandon Marsh,2024,PHI,0.418,-0.9791,0.0,0.1349
Trent Grisham,2023,SDP,0.5363,-0.7421,0.0,0.1349
Luke Raley,2024,SEA,0.7498,-1.5093,0.0,0.1336
Evan Longoria,2022,SFG,0.7151,-1.1223,0.0,0.1334
Alex Verdugo,2023,BOS,-0.4537,1.3248,0.0,0.1323
Jarren Duran,2023,BOS,-0.2619,0.1217,0.0,0.1322
Josh Jung,2023,TEX,0.5508,-0.7719,0.0,0.132
Bryan Reynolds,2022,PIT,0.2666,-0.1657,0.0,0.1306
Lane Thomas,2023,WSN,0.0422,0.0416,0.0,0.1302
Jared Walsh,2022,LAA,0.3846,-1.1111,0.0,0.1278
Jose Abreu,2023,HOU,0.1081,0.0491,0.0,0.1268
LaMonte Wade Jr.,2023,SFG,0.0007,0.5402,0.0,0.126
Ryan McMahon,2023,COL,0.5683,-1.526,0.0,0.1239
Isaac Paredes,2022,TBR,-0.304,0.8695,0.0,0.1227
Tommy Edman,2022,STL,-0.1763,0.7356,0.0,0.1226
Maikel Garcia,2023,KCR,-0.4707,0.2764,0.0,0.1203
Jason Heyward,2023,LAD,-0.1163,0.7888,0.0,0.1199
Randy Arozarena,2022,TBR,0.2779,-0.6379,0.0,0.1197
Mike Yastrzemski,2023,SFG,0.1904,-0.2692,0.0,0.1149
DJ LeMahieu,2023,NYY,-0.3981,0.4467,0.0,0.1134
J.D. Martinez,2022,BOS,0.6487,-0.7551,0.0,0.1127
Kyle Isbel,2022,KCR,-0.2538,-0.1653,0.0,0.1104
Ramon Urias,2022,BAL,0.2199,-0.3907,0.0,0.1061
MJ Melendez,2022,KCR,0.4851,-0.6708,0.0,0.1039
Spencer Torkelson,2022,DET,0.2539,-0.3651,0.0,0.1029
Bryan Reynolds,2024,PIT,0.291,-0.3427,0.0,0.1006
Francisco Alvarez,2024,NYM,0.0377,-0.5348,0.0,0.1001
Ryan Noda,2023,OAK,0.8955,-2.1483,0.0,0.0992
Jackson Chourio,2024,MIL,0.0407,-0.0178,0.0,0.099
Luke Raley,2023,TBR,0.95,-1.6349,0.0,0.0976
Ian Happ,2022,CHC,0.0691,-0.3918,0.0,0.0961
Josh Naylor,2024,CLE,0.0707,0.5741,0.0,0.0953
J.T. Realmuto,2023,PHI,0.3372,-0.4179,0.0,0.0953
Joey Votto,2022,CIN,0.5276,-0.9232,0.0,0.0944
Logan O'Hoppe,2024,LAA,0.6797,-1.279,0.0,0.0939
Alex Bregman,2022,HOU,-0.1664,1.4655,0.0,0.093
Francisco Lindor,2022,NYM,0.0761,0.4074,0.0,0.0929
Will Smith,2023,LAD,-0.2355,0.7932,0.0,0.0924
Rob Refsnyder,2024,BOS,0.2458,-0.6553,0.0,0.0874
Eugenio Suarez,2024,ARI,0.4966,-0.763,0.0,0.0871
Oscar Gonzalez,2022,CLE,0.0057,0.1517,0.0,0.0849
Nathaniel Lowe,2023,TEX,-0.2977,0.3333,0.0,0.0839
Joey Ortiz,2024,MIL,-0.5294,0.7712,0.0,0.0834
Randal Grichuk,2022,COL,0.0134,-0.038,0.0,0.0813
Leody Taveras,2023,TEX,-0.0746,0.17,0.0,0.0764
Connor Joe,2023,PIT,-0.0439,-0.0068,0.0,0.0738
Lenyn Sosa,2024,CHW,-0.2874,0.4489,0.0,0.0723
Michael A. Taylor,2023,MIN,0.6824,-1.434,0.0,0.072
Ryan Jeffers,2024,MIN,0.0421,0.27,0.0,0.0712
Nathaniel Lowe,2024,TEX,-0.322,0.2793,0.0,0.0709
Brandon Lowe,2024,TBR,0.6589,-1.015,0.0,0.0708
Mookie Betts,2024,LAD,-0.2538,1.6542,0.0,0.0702
Trey Mancini,2022,- - -,0.3508,-0.3161,0.0,0.07
Jorge Polanco,2022,MIN,0.3507,-0.0275,0.0,0.0693
Josh Lowe,2023,TBR,0.3937,-0.5552,0.0,0.0671
Nolan Gorman,2022,STL,0.9115,-1.7569,0.0,0.067
Alec Burleson,2023,STL,-0.3794,1.3791,0.0,0.0656
Ian Happ,2023,CHC,0.1361,-0.0648,0.0,0.0654
Brendan Donovan,2023,STL,-0.5776,1.5106,0.0,0.0617
Kyle Higashioka,2023,NYY,0.2829,-0.6096,0.0,0.0578
Tommy Edman,2023,STL,-0.5452,1.2961,0.0,0.0576
Vinnie Pasquantino,2023,KCR,-0.2492,1.5868,0.0,0.0556
Avisail Garcia,2022,MIA,0.2025,-1.3037,0.0,0.0546
Royce Lewis,2024,MIN,0.3187,-0.1836,0.0,0.0541
Jonathan India,2024,CIN,-0.2589,0.516,0.0,0.0538
Mike Tauchman,2024,CHC,-0.1156,0.245,0.0,0.0513
Lane Thomas,2024,- - -,-0.0911,-0.2579,0.0,0.0513
Ty France,2023,SEA,-0.3194,0.8221,0.0,0.051
Xander Bogaerts,2022,BOS,-0.1352,0.1427,0.0,0.0498
Trea Turner,2022,LAD,0.0723,0.1488,0.0,0.0482
Nolan Jones,2024,COL,-0.3104,-0.8636,0.0,0.0443
Eugenio Suarez,2023,SEA,0.6586,-1.2998,0.0,0.0439
Edouard Julien,2023,MIN,0.3093,-1.2613,0.0,0.0413
Ozzie Albies,2023,ATL,-0.145,0.9785,0.0,0.0399
Harold Ramirez,2022,TBR,-0.2729,0.4774,0.0,0.0398
Jordan Walker,2023,STL,0.0652,-0.178,0.0,0.0362
Alex Verdugo,2024,NYY,-0.488,1.2815,0.0,0.0358
Tyler O'Neill,2022,STL,0.4703,-0.9273,0.0,0.035
Salvador Perez,2023,KCR,0.2325,-0.2634,0.0,0.0347
Lourdes Gurriel Jr.,2024,ARI,-0.2385,0.65,0.0,0.0319
Brian Anderson,2022,MIA,0.2555,-1.0063,0.0,0.0316
JJ Bleday,2024,OAK,0.1719,0.1593,0.0,0.0311
Brandon Lowe,2023,TBR,0.4684,-0.75,0.0,0.0291
Randal Grichuk,2023,- - -,-0.0704,0.2416,0.0,0.0269
Andy Ibanez,2023,DET,-0.0689,0.6998,0.0,0.0256
Enrique Hernandez,2024,LAD,-0.2009,0.1156,0.0,0.0239
Dylan Moore,2022,SEA,0.4899,-1.1104,0.0,0.0213
Randy Arozarena,2024,- - -,0.246,-0.946,0.0,0.0209
Michael Massey,2024,KCR,-0.1924,1.2326,0.0,0.0208
Adam Duvall,2022,ATL,0.6105,-1.3845,0.0,0.02
Ryan O'Hearn,2024,BAL,-0.264,1.2014,0.0,0.0197
Justin Turner,2022,LAD,-0.0582,0.6177,0.0,0.0191
J.P. Crawford,2024,SEA,-0.3797,0.1442,0.0,0.0189
Dansby Swanson,2022,ATL,0.4344,-0.9878,0.0,0.0167
Bo Bichette,2024,TOR,-0.4801,0.6991,0.0,0.0161
Andrew McCutchen,2022,MIL,0.0659,-0.1262,0.0,0.0151
Brett Baty,2023,NYM,0.0026,-0.9709,0.0,0.0149
LaMonte Wade Jr.,2022,SFG,0.0022,0.547,0.0,0.0093
David Peralta,2023,LAD,-0.477,0.603,0.0,0.0084
Gabriel Arias,2023,CLE,0.4889,-1.9054,0.0,0.0083
Ty France,2024,- - -,-0.1443,0.1911,0.0,0.0063
Travis d'Arnaud,2022,ATL,0.1164,-0.2506,0.0,0.0055
Joey Bart,2024,PIT,0.0765,-0.4449,0.0,0.0025
Hunter Renfroe,2024,KCR,-0.1123,0.1961,0.0,0.0011
Victor Caratini,2024,HOU,-0.1999,0.2518,0.0,-0.0018
Elias Diaz,2022,COL,-0.2502,0.2654,0.0,-0.0022
Marcus Semien,2024,TEX,-0.2549,0.9264,0.0,-0.0033
Alec Bohm,2023,PHI,-0.53,1.1417,0.0,-0.0034
Josh Lowe,2024,TBR,0.3599,-1.2921,0.0,-0.006
Jean Segura,2022,PHI,-0.6315,1.0578,0.0,-0.0066
Jonathan India,2023,CIN,-0.1227,0.2877,0.0,-0.007
Ozzie Albies,2024,ATL,-0.1491,0.7469,0.0,-0.0074
Kerry Carpenter,2023,DET,0.1029,-0.2249,0.0,-0.0079
CJ Abrams,2023,WSN,-0.3348,0.544,0.0,-0.0113
Ke'Bryan Hayes,2024,PIT,-0.8242,0.9426,0.0,-0.0126
Ramon Laureano,2024,- - -,0.5424,-1.3431,0.0,-0.0127
Eduardo Escobar,2022,NYM,0.2187,-0.3247,0.0,-0.0129
Emmanuel Rivera,2022,- - -,0.2336,-0.1876,0.0,-0.0142
Edmundo Sosa,2024,PHI,0.2394,-0.5846,0.0,-0.0202
Luis Garcia Jr.,2022,WSN,-0.1086,-0.2751,0.0,-0.023
Gio Urshela,2022,MIN,-0.2181,0.6186,0.0,-0.0235
Starling Marte,2022,NYM,-0.2541,0.3136,0.0,-0.0245
Jarred Kelenic,2023,SEA,0.2341,-1.2779,0.0,-0.0251
Pavin Smith,2022,ARI,0.0295,0.0538,0.0,-0.0266
Maikel Garcia,2024,KCR,-0.6668,1.0081,0.0,-0.0279
Jack Suwinski,2024,PIT,0.0623,-0.7841,0.0,-0.0299
Austin Wells,2024,NYY,0.1105,-0.1872,0.0,-0.0346
Aledmys Diaz,2022,HOU,-0.3382,0.5264,0.0,-0.0349
Jake Bauers,2024,MIL,0.3457,-1.5776,0.0,-0.0355
Brendan Donovan,2024,STL,-0.5613,1.4943,0.0,-0.0361
Raimel Tapia,2022,TOR,-0.5071,0.5335,0.0,-0.0366
Yoan Moncada,2022,CHW,0.269,-0.6567,0.0,-0.0456
Dominic Smith,2024,- - -,0.1776,-0.3017,0.0,-0.0463
Michael Massey,2023,KCR,-0.2043,0.3069,0.0,-0.0479
Josh Bell,2024,- - -,-0.1263,0.1081,0.0,-0.0505
Daulton Varsho,2023,TOR,-0.189,0.0515,0.0,-0.0533
Alejandro Kirk,2023,TOR,-0.8588,1.8545,0.0,-0.0547
Brendan Rodgers,2024,COL,-0.3561,-0.234,0.0,-0.0557
Lourdes Gurriel Jr.,2022,TOR,-0.4846,0.5882,0.0,-0.0583
Adley Rutschman,2024,BAL,-0.4426,0.9908,0.0,-0.0607
Nolan Arenado,2023,STL,-0.2992,1.0353,0.0,-0.0626
Danny Jansen,2023,TOR,0.0635,0.3163,0.0,-0.0643
Kyle Isbel,2023,KCR,-0.4148,0.7373,0.0,-0.0678
George Springer,2024,TOR,-0.0816,0.0713,0.0,-0.0682
Christian Vazquez,2022,- - -,-0.6194,1.0319,0.0,-0.0699
Edward Olivares,2023,KCR,-0.2961,0.7454,0.0,-0.07
Michael Busch,2024,CHC,0.3311,-0.7816,0.0,-0.0713
Luis Garcia Jr.,2023,WSN,-0.6548,1.4367,0.0,-0.0739
Jonah Heim,2023,TEX,-0.1651,0.407,0.0,-0.0756
Patrick Bailey,2024,SFG,-0.2437,0.0198,0.0,-0.0764
Josh Donaldson,2022,NYY,0.4594,-1.4035,0.0,-0.0765
Sean Murphy,2024,ATL,0.1425,-0.7673,0.0,-0.0769
Brenton Doyle,2024,COL,0.247,-0.4743,0.0,-0.077
Tyler Stephenson,2023,CIN,-0.1882,-0.4784,0.0,-0.078
Hunter Renfroe,2023,- - -,-0.2682,-0.0421,0.0,-0.0798
Max Muncy,2024,LAD,0.4973,-0.9962,0.0,-0.0806
Austin Nola,2022,SDP,-0.8064,1.2045,0.0,-0.0806
Ty France,2022,SEA,-0.5437,1.0808,0.0,-0.0837
Amed Rosario,2022,CLE,-0.5734,0.7532,0.0,-0.0864
Daulton Varsho,2022,ARI,0.1391,-0.4981,0.0,-0.0874
Starling Marte,2024,NYM,-0.2044,-0.1961,0.0,-0.0884
Christopher Morel,2022,CHC,0.8339,-2.4171,0.0,-0.0925
Bryan De La Cruz,2023,MIA,0.0259,-0.4023,0.0,-0.0946
Carlos Santana,2023,- - -,-0.3092,0.5137,0.0,-0.0966
Travis d'Arnaud,2023,ATL,0.1105,-0.6029,0.0,-0.0983
Mike Yastrzemski,2024,SFG,0.2518,-0.5893,0.0,-0.0993
Nick Castellanos,2024,PHI,0.0403,-0.1953,0.0,-0.1007
Spencer Horwitz,2024,TOR,-0.3412,0.6158,0.0,-0.1024
Xander Bogaerts,2024,SDP,-0.5359,0.8723,0.0,-0.1028
Nolan Gorman,2024,STL,1.0947,-2.5553,0.0,-0.1029
Jesse Winker,2022,SEA,-0.2479,0.3842,0.0,-0.1031
Yasmani Grandal,2022,CHW,-0.3833,0.1346,0.0,-0.1045
Gabriel Moreno,2023,ARI,-0.6671,0.6745,0.0,-0.1063
Adam Duvall,2023,BOS,0.5012,-1.0348,0.0,-0.1078
Joey Meneses,2023,WSN,-0.4783,0.487,0.0,-0.1079
Luis Urias,2022,MIL,-0.1814,-0.0149,0.0,-0.1094
Zach Neto,2024,LAA,-0.0007,-0.3029,0.0,-0.1096
Jeimer Candelario,2023,- - -,-0.2229,0.1814,0.0,-0.1119
Jazz Chisholm Jr.,2024,- - -,0.1572,-0.7458,0.0,-0.112
Dansby Swanson,2024,CHC,0.057,-0.7889,0.0,-0.1123
Andrew Benintendi,2022,- - -,-0.4597,0.6916,0.0,-0.1123
Jeimer Candelario,2022,DET,-0.1038,-0.1577,0.0,-0.114
Jake Rogers,2023,DET,0.3939,-1.5552,0.0,-0.1146
Garrett Cooper,2023,- - -,0.0969,-0.7506,0.0,-0.1159
CJ Abrams,2024,WSN,-0.257,-0.0839,0.0,-0.1194
Ramon Laureano,2023,- - -,0.0621,-0.5738,0.0,-0.1194
Keibert Ruiz,2023,WSN,-0.6765,1.8658,0.0,-0.1211
Jose Altuve,2022,HOU,-0.4472,1.2046,0.0,-0.1221
Ramon Laureano,2022,OAK,0.3756,-0.8877,0.0,-0.1238
J.D. Davis,2023,SFG,0.1875,-1.2545,0.0,-0.1238
Jonah Heim,2024,TEX,-0.436,0.6628,0.0,-0.124
Gleyber Torres,2024,NYY,-0.2872,0.0599,0.0,-0.127
Donovan Solano,2023,MIN,-0.3746,0.2102,0.0,-0.1271
Luis Robert Jr.,2024,CHW,0.4459,-1.5918,0.0,-0.1272
Andrew McCutchen,2024,PIT,0.3013,-0.892,0.0,-0.1273
Jose Miranda,2022,MIN,-0.2811,0.3568,0.0,-0.128
Mickey Moniak,2024,LAA,0.1962,-0.8698,0.0,-0.1335
Connor Wong,2023,BOS,0.1355,-1.4328,0.0,-0.1345
Tyrone Taylor,2024,NYM,-0.3132,0.1224,0.0,-0.1354
Marcus Semien,2022,TEX,-0.3147,0.7208,0.0,-0.1361
Alex Bregman,2023,HOU,-0.7029,1.6674,0.0,-0.1374
Austin Hays,2023,BAL,-0.0073,-0.266,0.0,-0.1421
Lane Thomas,2022,WSN,-0.4907,0.0585,0.0,-0.144
Emmanuel Rivera,2023,ARI,-0.3675,0.2531,0.0,-0.1448
Xander Bogaerts,2023,SDP,-0.5487,0.7643,0.0,-0.1479
Trea Turner,2024,PHI,-0.1976,0.4222,0.0,-0.1498
Nick Gonzales,2024,PIT,-0.2186,0.2714,0.0,-0.1539
Luis Arraez,2022,MIN,-0.9641,2.4923,0.0,-0.1558
Justin Turner,2023,BOS,-0.5757,0.9609,0.0,-0.1567
Harrison Bader,2024,NYM,-0.3687,0.2398,0.0,-0.1573
Tim Anderson,2022,CHW,-0.5978,0.7281,0.0,-0.1575
Miguel Andujar,2024,OAK,-1.0258,1.5752,0.0,-0.1592
Gavin Sheets,2022,CHW,-0.292,0.2888,0.0,-0.1614
J.P. Crawford,2023,SEA,-0.6951,0.6869,0.0,-0.163
Yuli Gurriel,2022,HOU,-0.9359,1.6357,0.0,-0.1631
Trent Grisham,2022,SDP,-0.0261,-0.9424,0.0,-0.1633
Jazz Chisholm Jr.,2023,MIA,0.5023,-1.7383,0.0,-0.166
Andrew McCutchen,2023,PIT,-0.2998,-0.2831,0.0,-0.1669
Michael Conforto,2023,SFG,-0.2599,-0.0039,0.0,-0.1676
Christopher Morel,2024,- - -,0.3105,-1.2736,0.0,-0.1721
Brandon Lowe,2022,TBR,0.4356,-1.0198,0.0,-0.1722
Emmanuel Rivera,2024,- - -,-0.1239,-0.3097,0.0,-0.1737
Bryson Stott,2022,PHI,-0.7428,0.7128,0.0,-0.1738
Gavin Lux,2024,LAD,-0.5424,0.0088,0.0,-0.1742
Travis d'Arnaud,2024,ATL,0.2413,-1.1139,0.0,-0.1744
Ildemaro Vargas,2023,WSN,-1.1437,2.1408,0.0,-0.1758
Trea Turner,2023,PHI,-0.0119,-0.1636,0.0,-0.1767
Enrique Hernandez,2022,BOS,-0.2705,0.3056,0.0,-0.1767
Paul DeJong,2024,- - -,0.2743,-1.8108,0.0,-0.1774
Dylan Moore,2024,SEA,-0.0436,-0.622,0.0,-0.1778
Marcus Semien,2023,TEX,-0.5163,1.0859,0.0,-0.1779
Tyrone Taylor,2022,MIL,0.07,-0.4577,0.0,-0.178
Ramon Urias,2024,BAL,-0.1052,-0.0446,0.0,-0.1794
Wilmer Flores,2023,SFG,-0.5451,1.2613,0.0,-0.1813
Alek Thomas,2023,ARI,-0.5871,0.2611,0.0,-0.1818
Davis Schneider,2024,TOR,0.3916,-1.4063,0.0,-0.1826
Andrew Benintendi,2024,CHW,-0.4452,0.4806,0.0,-0.1852
Jose Altuve,2023,HOU,-0.5646,0.9524,0.0,-0.1883
Robbie Grossman,2023,TEX,-0.4592,0.1302,0.0,-0.1887
Carson Kelly,2022,ARI,-0.5696,0.4291,0.0,-0.1888
Jorge Polanco,2024,SEA,0.015,-1.0015,0.0,-0.1899
Kole Calhoun,2022,TEX,0.3801,-2.0158,0.0,-0.1918
Orlando Arcia,2023,ATL,-0.5025,0.1876,0.0,-0.1942
Spencer Steer,2023,CIN,-0.3506,0.1391,0.0,-0.1948
Willi Castro,2024,MIN,-0.2095,-0.2858,0.0,-0.1967
Chas McCormick,2023,HOU,0.0285,-0.6342,0.0,-0.2011
Willi Castro,2023,MIN,-0.3118,-0.2621,0.0,-0.2034
Dansby Swanson,2023,CHC,0.0663,-0.6462,0.0,-0.2038
Masyn Winn,2024,STL,-0.7841,0.8965,0.0,-0.2056
Patrick Bailey,2023,SFG,-0.1421,-0.5422,0.0,-0.2059
Javier Baez,2024,DET,-0.121,-0.3509,0.0,-0.2059
Kyle Isbel,2024,KCR,-0.7824,0.7889,0.0,-0.2077
Ha-seong Kim,2024,SDP,-0.7413,0.954,0.0,-0.2086
Anthony Volpe,2023,NYY,-0.1849,-0.6718,0.0,-0.2092
Nick Castellanos,2023,PHI,0.167,-0.984,0.0,-0.2094
Donovan Solano,2022,CIN,-0.6395,0.5136,0.0,-0.2115
Cedric Mullins,2022,BAL,-0.4961,0.3925,0.0,-0.213
Jose Siri,2023,TBR,0.6592,-2.2934,0.0,-0.214
Nico Hoerner,2022,CHC,-0.9971,1.7177,0.0,-0.2148
Wilmer Flores,2022,SFG,-0.4746,0.801,0.0,-0.2151
Chas McCormick,2022,HOU,0.1113,-0.9775,0.0,-0.2155
Keibert Ruiz,2022,WSN,-0.8059,1.5887,0.0,-0.2156
Austin Slater,2022,SFG,0.1158,-1.1701,0.0,-0.2167
Kolten Wong,2022,MIL,-0.6094,0.4935,0.0,-0.2174
Anthony Rizzo,2023,NYY,-0.2424,0.1224,0.0,-0.2181
Jake Cronenworth,2022,SDP,-0.564,0.6719,0.0,-0.2181
Cedric Mullins,2023,BAL,-0.3232,-0.0226,0.0,-0.2213
Brandon Belt,2022,SFG,0.4141,-1.2226,0.0,-0.2221
Willy Adames,2023,MIL,0.1935,-0.571,0.0,-0.2268
Mark Canha,2023,- - -,-0.7654,0.9793,0.0,-0.2299
Jonathan Schoop,2022,DET,-0.5201,-0.0807,0.0,-0.2314
Tyler Freeman,2024,CLE,-0.9077,1.3302,0.0,-0.2321
Edouard Julien,2024,MIN,-0.0121,-1.5958,0.0,-0.2335
Harold Ramirez,2023,TBR,-0.5052,0.331,0.0,-0.2359
Elias Diaz,2023,COL,-0.4133,-0.0878,0.0,-0.2376
Zach Neto,2023,LAA,-0.0912,-0.408,0.0,-0.2417
Spencer Steer,2024,CIN,-0.4643,0.3221,0.0,-0.2419
Mike Tauchman,2023,CHC,-0.6737,0.011,0.0,-0.2436
Bryson Stott,2023,PHI,-0.92,1.2322,0.0,-0.244
Isiah Kiner-Falefa,2022,NYY,-1.3351,1.7169,0.0,-0.2449
Miguel Amaya,2024,CHC,-0.5427,0.6408,0.0,-0.2455
James Outman,2023,LAD,0.1994,-1.6328,0.0,-0.2468
Corey Dickerson,2022,STL,-0.6298,0.5356,0.0,-0.2468
Otto Lopez,2024,MIA,-0.7294,0.7218,0.0,-0.2476
Matt Thaiss,2023,LAA,0.0332,-1.2311,0.0,-0.2486
Jorge Mateo,2023,BAL,-0.4387,-0.0975,0.0,-0.2517
Henry Davis,2023,PIT,-0.3683,-0.4184,0.0,-0.2539
Isiah Kiner-Falefa,2023,NYY,-0.9539,0.6801,0.0,-0.2546
Miguel Cabrera,2022,DET,-0.4435,-0.382,0.0,-0.2558
Gavin Sheets,2024,CHW,-0.4966,0.2145,0.0,-0.2562
Jeremy Pena,2022,HOU,0.0374,-0.3973,0.0,-0.2588
Kyle Higashioka,2024,SDP,0.1073,-0.6529,0.0,-0.2601
Starling Marte,2023,NYM,-0.5708,0.247,0.0,-0.2619
Jurickson Profar,2022,SDP,-0.8011,0.837,0.0,-0.2664
Manuel Margot,2023,TBR,-0.7367,0.5535,0.0,-0.2664
Connor Joe,2022,COL,-0.8634,0.3436,0.0,-0.2716
Bryson Stott,2024,PHI,-0.9069,0.9906,0.0,-0.2718
Elvis Andrus,2022,- - -,-0.6534,0.7597,0.0,-0.2731
Nico Hoerner,2023,CHC,-1.3052,1.8157,0.0,-0.2731
Eric Haase,2022,DET,-0.0237,-1.1691,0.0,-0.2736
Dylan Carlson,2023,STL,-0.5442,0.4711,0.0,-0.2749
Geraldo Perdomo,2024,ARI,-1.001,1.5035,0.0,-0.2772
Jon Berti,2022,MIA,-0.5487,-0.0369,0.0,-0.2773
Spencer Torkelson,2024,DET,-0.2422,-0.6712,0.0,-0.2773
Carson Kelly,2024,- - -,-0.5357,0.5192,0.0,-0.2783
Jose Trevino,2022,NYY,-0.5763,0.6715,0.0,-0.2784
Abraham Toro,2024,OAK,-0.8222,1.159,0.0,-0.2796
Michael A. Taylor,2024,PIT,0.4885,-2.2968,0.0,-0.2804
Jeremy Pena,2024,HOU,-0.5804,0.7048,0.0,-0.2818
Brendan Donovan,2022,STL,-1.0812,1.2007,0.0,-0.283
Ezequiel Tovar,2024,COL,0.1121,-1.0033,0.0,-0.2844
Manuel Margot,2022,TBR,-0.593,0.3406,0.0,-0.2861
David Fry,2024,CLE,-0.3116,0.0202,0.0,-0.2866
Zach McKinstry,2023,DET,-0.556,0.4982,0.0,-0.2884
Jeff McNeil,2022,NYM,-1.0037,1.4983,0.0,-0.2887
Jake Cronenworth,2023,SDP,-0.9552,1.067,0.0,-0.2893
Amed Rosario,2023,- - -,-0.8469,0.6111,0.0,-0.2897
Leody Taveras,2022,TEX,-0.3378,-0.6803,0.0,-0.2928
Ha-seong Kim,2022,SDP,-0.8216,0.7121,0.0,-0.2938
Andres Gimenez,2022,CLE,-0.4401,-0.0421,0.0,-0.2953
Austin Hays,2024,- - -,-0.2685,-0.3754,0.0,-0.3084
Christian Vazquez,2024,MIN,-0.7671,0.5031,0.0,-0.3085
Will Benson,2024,CIN,0.4652,-2.7996,0.0,-0.3098
Casey Schmitt,2023,SFG,-0.3914,-0.0235,0.0,-0.3131
Luis Guillorme,2022,NYM,-1.2519,1.5104,0.0,-0.3136
Austin Hays,2022,BAL,-0.6046,0.4602,0.0,-0.3138
Ezequiel Duran,2024,TEX,-0.7283,0.0247,0.0,-0.3148
Nick Fortes,2023,MIA,-0.9265,0.8556,0.0,-0.3178
Cody Bellinger,2024,CHC,-0.4682,0.6377,0.0,-0.3184
Jake Meyers,2024,HOU,-0.3318,-0.1156,0.0,-0.3194
Eddie Rosario,2023,ATL,-0.0898,-0.5094,0.0,-0.3198
Josh Rojas,2022,ARI,-0.6405,0.1865,0.0,-0.3208
Will Benson,2023,CIN,0.0481,-1.4226,0.0,-0.3218
Nico Hoerner,2024,CHC,-1.3597,1.9553,0.0,-0.3226
Corey Julks,2023,HOU,-0.6283,-0.0976,0.0,-0.3255
Cavan Biggio,2023,TOR,-0.4017,-0.3281,0.0,-0.3284
Luis Rengifo,2023,LAA,-0.3759,0.2822,0.0,-0.3293
Colt Keith,2024,DET,-0.6033,0.3702,0.0,-0.3315
Javier Baez,2023,DET,-0.4733,-0.4087,0.0,-0.3325
Bo Naylor,2024,CLE,-0.1247,-1.228,0.0,-0.3339
Ildemaro Vargas,2024,WSN,-1.3624,1.9544,0.0,-0.3367
Luis Rengifo,2022,LAA,-0.6813,0.7055,0.0,-0.3378
J.P. Crawford,2022,SEA,-1.3062,1.4247,0.0,-0.3383
Jake Fraley,2023,CIN,-0.7067,0.3301,0.0,-0.34
Thairo Estrada,2023,SFG,-0.8902,0.5,0.0,-0.3406
Jose Iglesias,2024,NYM,-1.247,1.4285,0.0,-0.3424
Jace Peterson,2022,MIL,-0.3649,-0.4263,0.0,-0.3453
Mitch Garver,2024,SEA,-0.0015,-1.2448,0.0,-0.3456
Leody Taveras,2024,TEX,-0.3804,-0.0798,0.0,-0.3481
Javier Baez,2022,DET,-0.0343,-0.8384,0.0,-0.3485
Cody Bellinger,2022,LAD,-0.1491,-0.8235,0.0,-0.3502
Alek Thomas,2022,ARI,-0.755,0.1625,0.0,-0.3553
Luis Arraez,2024,- - -,-1.4277,2.7424,0.0,-0.3553
Daulton Varsho,2024,TOR,-0.4629,-0.6776,0.0,-0.3559
Mickey Moniak,2023,LAA,0.4062,-1.9194,0.0,-0.3562
Josh Rojas,2024,SEA,-0.5604,-0.164,0.0,-0.3583
Mark Canha,2022,NYM,-0.7513,0.3238,0.0,-0.3611
Martin Maldonado,2022,HOU,-0.1279,-1.1957,0.0,-0.3649
Ramon Urias,2023,BAL,-0.4641,-0.4958,0.0,-0.3659
Owen Miller,2022,CLE,-1.049,0.6719,0.0,-0.366
Zack Gelof,2023,OAK,0.0903,-1.3359,0.0,-0.3675
Rafael Ortega,2022,CHC,-0.7242,0.4549,0.0,-0.3686
Ernie Clement,2024,TOR,-1.0489,1.874,0.0,-0.3739
Jonathan India,2022,CIN,-0.7831,0.1214,0.0,-0.3768
Edmundo Sosa,2023,PHI,-0.5006,-0.4175,0.0,-0.3776
Mike Moustakas,2022,CIN,-0.251,-0.7017,0.0,-0.3778
Cody Bellinger,2023,CHC,-0.6427,0.8339,0.0,-0.378
Andrew Knizner,2022,STL,-0.8995,0.3485,0.0,-0.3827
Brandon Marsh,2022,- - -,-0.251,-1.5546,0.0,-0.3837
Miguel Rojas,2024,LAD,-1.337,1.7349,0.0,-0.385
Harold Castro,2022,DET,-0.7791,0.7255,0.0,-0.3868
Jacob Stallings,2023,MIA,-0.6938,0.1455,0.0,-0.3879
Alex Kirilloff,2023,MIN,-0.5023,-0.2857,0.0,-0.3886
Gavin Sheets,2023,CHW,-0.68,0.5332,0.0,-0.3903
Yasmani Grandal,2023,CHW,-0.7432,0.146,0.0,-0.3938
TJ Friedl,2024,CIN,-1.0237,1.0881,0.0,-0.394
Amed Rosario,2024,- - -,-0.8717,0.2907,0.0,-0.3972
Charlie Blackmon,2022,COL,-0.8837,0.4601,0.0,-0.3976
Thairo Estrada,2022,SFG,-0.9249,0.8569,0.0,-0.3985
Justin Turner,2024,- - -,-0.9305,0.8342,0.0,-0.4029
Joey Wendle,2022,MIA,-1.2463,1.3879,0.0,-0.4057
Santiago Espinal,2022,TOR,-1.1528,1.2706,0.0,-0.4072
Chris Taylor,2023,LAD,-0.1275,-1.8975,0.0,-0.4082
Jonah Bride,2024,MIA,-0.9308,0.6225,0.0,-0.4114
Brice Turang,2024,MIL,-1.3023,1.1775,0.0,-0.4124
Josh Smith,2024,TEX,-0.8984,0.2787,0.0,-0.4144
Dominic Smith,2023,WSN,-0.8141,0.868,0.0,-0.4165
Jake Rogers,2024,DET,-0.005,-1.3658,0.0,-0.4169
Jose Altuve,2024,HOU,-0.7069,0.6602,0.0,-0.4196
Miguel Vargas,2023,LAD,-0.7263,0.3726,0.0,-0.4196
Charlie Blackmon,2023,COL,-0.9695,1.1627,0.0,-0.4208
Rougned Odor,2022,BAL,-0.3509,-0.3151,0.0,-0.4257
Tim Anderson,2023,CHW,-1.1151,-0.0653,0.0,-0.4301
Miguel Rojas,2023,LAD,-1.1633,1.6093,0.0,-0.4313
Anthony Volpe,2024,NYY,-0.9201,-0.0008,0.0,-0.4314
Nick Senzel,2022,CIN,-0.9556,0.5382,0.0,-0.4341
Isiah Kiner-Falefa,2024,- - -,-1.3271,1.3484,0.0,-0.4372
Nick Senzel,2023,CIN,-0.8706,0.1849,0.0,-0.4383
Aaron Hicks,2022,NYY,-0.5107,-0.4878,0.0,-0.4409
Alex Call,2023,WSN,-0.8574,0.7869,0.0,-0.4431
Gio Urshela,2024,- - -,-0.9278,0.8037,0.0,-0.4465
Ezequiel Tovar,2023,COL,-0.3668,-0.5859,0.0,-0.4469
Jeremy Pena,2023,HOU,-0.7963,0.2725,0.0,-0.448
Thairo Estrada,2024,SFG,-0.9171,0.6394,0.0,-0.4483
Oswaldo Cabrera,2024,NYY,-0.9593,0.7719,0.0,-0.4489
Keibert Ruiz,2024,WSN,-1.1951,1.7972,0.0,-0.4509
Parker Meadows,2024,DET,-0.3864,-0.468,0.0,-0.451
Wenceel Perez,2024,DET,-0.7453,0.277,0.0,-0.4512
Orlando Arcia,2024,ATL,-0.6914,-0.0381,0.0,-0.4519
Rodolfo Castro,2022,PIT,-0.3137,-1.2177,0.0,-0.4531
Jared Triolo,2024,PIT,-0.6211,-0.6425,0.0,-0.4622
Wil Myers,2022,SDP,-0.2456,-1.4314,0.0,-0.4642
Jesus Aguilar,2022,- - -,-0.4438,-0.2949,0.0,-0.4663
Nolan Arenado,2024,STL,-1.1503,1.2224,0.0,-0.4677
Luis Rengifo,2024,LAA,-1.0992,0.8568,0.0,-0.474
Martin Maldonado,2023,HOU,-0.2117,-1.6246,0.0,-0.474
Jurickson Profar,2023,- - -,-1.0705,0.7621,0.0,-0.4742
Donovan Solano,2024,SDP,-0.9955,0.2604,0.0,-0.479
Mark Canha,2024,- - -,-1.0049,0.1177,0.0,-0.4816
Zach McKinstry,2024,DET,-0.8151,0.2801,0.0,-0.4837
JJ Bleday,2023,OAK,-0.5439,-0.336,0.0,-0.4842
Jacob Stallings,2022,MIA,-0.9188,0.2595,0.0,-0.4849
Elias Diaz,2024,- - -,-0.7338,-0.0275,0.0,-0.4853
Jeff McNeil,2024,NYM,-1.0883,1.1461,0.0,-0.4859
Harrison Bader,2023,- - -,-0.7858,0.5888,0.0,-0.4894
David Hamilton,2024,BOS,-0.6748,-0.2299,0.0,-0.4924
Mauricio Dubon,2022,- - -,-1.3273,1.4633,0.0,-0.4924
Danny Jansen,2024,- - -,-0.6635,0.5085,0.0,-0.4942
Enrique Hernandez,2023,- - -,-0.8169,0.3734,0.0,-0.496
Cedric Mullins,2024,BAL,-0.8818,0.5234,0.0,-0.4973
Connor Wong,2024,BOS,-0.6273,-0.4617,0.0,-0.5039
Jorge Mateo,2022,BAL,-0.4421,-0.92,0.0,-0.5048
Kyle Farmer,2022,CIN,-1.1352,0.899,0.0,-0.5067
Miguel Rojas,2022,MIA,-1.2846,1.6588,0.0,-0.507
Jeff McNeil,2023,NYM,-1.461,1.8418,0.0,-0.507
Whit Merrifield,2022,- - -,-0.9406,0.7886,0.0,-0.5082
Reese McGuire,2022,- - -,-1.0315,0.6262,0.0,-0.5106
Luis Matos,2023,SFG,-1.3043,1.393,0.0,-0.5155
Nick Castellanos,2022,PHI,-0.3886,-0.5615,0.0,-0.5156
Isaac Paredes,2023,TBR,-0.8532,0.9049,0.0,-0.5171
Elehuris Montero,2023,COL,-0.3347,-1.7182,0.0,-0.5226
Michael A. Taylor,2022,KCR,-0.5039,-0.4995,0.0,-0.5254
Victor Robles,2024,- - -,-0.6456,0.3074,0.0,-0.5271
Brenton Doyle,2023,COL,-0.1931,-1.7806,0.0,-0.5284
Pete Crow-Armstrong,2024,CHC,-0.3814,-0.7027,0.0,-0.5309
Willi Castro,2022,DET,-0.9111,-0.1541,0.0,-0.5345
Chas McCormick,2024,HOU,-0.4274,-1.2649,0.0,-0.5381
Ha-seong Kim,2023,SDP,-1.1338,0.6356,0.0,-0.5405
Freddy Fermin,2024,KCR,-1.0132,0.6189,0.0,-0.5412
Cavan Biggio,2022,TOR,-0.4962,-0.8967,0.0,-0.542
Kevin Newman,2022,PIT,-1.4161,1.2827,0.0,-0.546
Austin Martin,2024,MIN,-1.3003,0.5127,0.0,-0.5477
Christian Bethancourt,2023,TBR,-0.3115,-1.0336,0.0,-0.5483
Steven Kwan,2024,CLE,-1.4449,2.2273,0.0,-0.5488
Kris Bryant,2023,COL,-0.8767,0.2156,0.0,-0.5525
Isaac Paredes,2024,- - -,-1.0894,0.9616,0.0,-0.5546
Jacob Stallings,2024,COL,-0.6447,-0.3921,0.0,-0.563
Nick Fortes,2024,MIA,-1.4841,1.5634,0.0,-0.5633
Mauricio Dubon,2023,HOU,-1.151,1.1323,0.0,-0.5651
CJ Abrams,2022,- - -,-1.1573,0.5824,0.0,-0.5708
TJ Friedl,2022,CIN,-0.8391,0.7783,0.0,-0.577
Ceddanne Rafaela,2024,BOS,-0.5,-0.9898,0.0,-0.5783
Alfonso Rivas,2022,CHC,-0.9852,-0.8914,0.0,-0.5832
Johan Rojas,2024,PHI,-1.1651,0.345,0.0,-0.592
Zack Gelof,2024,OAK,-0.0814,-2.152,0.0,-0.5925
Brandon Crawford,2022,SFG,-0.4324,-0.7714,0.0,-0.5949
Luis Arraez,2023,MIA,-1.4729,2.5904,0.0,-0.5957
Kyle Farmer,2023,MIN,-0.978,0.3847,0.0,-0.5973
Travis Jankowski,2023,TEX,-1.7809,1.4905,0.0,-0.601
Mauricio Dubon,2024,HOU,-1.2335,1.06,0.0,-0.6019
Jose Siri,2022,- - -,-0.3542,-1.93,0.0,-0.6021
Andrew Benintendi,2023,CHW,-1.2462,0.9815,0.0,-0.6028
Andres Gimenez,2024,CLE,-1.1619,0.7153,0.0,-0.6036
Andruw Monasterio,2023,MIL,-0.8478,0.2124,0.0,-0.6125
Steven Kwan,2022,CLE,-1.6211,2.1274,0.0,-0.6136
Yan Gomes,2022,CHC,-1.2506,0.9255,0.0,-0.622
Kevin Newman,2023,CIN,-1.5445,1.5652,0.0,-0.6287
Harrison Bader,2022,- - -,-1.1839,0.495,0.0,-0.6349
Jake McCarthy,2022,ARI,-0.8445,-0.2839,0.0,-0.6363
Jackie Bradley Jr.,2022,- - -,-0.8102,-0.554,0.0,-0.6373
Blake Perkins,2024,MIL,-0.8903,-0.4747,0.0,-0.6376
Josh Harrison,2022,CHW,-1.0796,0.6657,0.0,-0.6405
Nolan Schanuel,2024,LAA,-1.3755,1.0538,0.0,-0.6485
Dylan Carlson,2022,STL,-0.9296,0.0202,0.0,-0.6579
Chris Taylor,2022,LAD,-0.002,-2.7412,0.0,-0.6641
Brice Turang,2023,MIL,-1.3491,0.4553,0.0,-0.6653
Will Brennan,2023,CLE,-1.5457,1.3401,0.0,-0.6734
Andres Gimenez,2023,CLE,-1.0644,0.3459,0.0,-0.6915
TJ Friedl,2023,CIN,-1.2858,1.0048,0.0,-0.6916
Max Schuemann,2024,OAK,-0.7244,-0.6956,0.0,-0.7041
Ben Rortvedt,2024,TBR,-1.0504,-0.5896,0.0,-0.7043
Stuart Fairchild,2023,CIN,-0.6124,-1.1983,0.0,-0.7062
Oswaldo Cabrera,2023,NYY,-1.1535,0.1876,0.0,-0.71
Jacob Young,2024,WSN,-1.5869,0.5734,0.0,-0.715
Tyler Fitzgerald,2024,SFG,-0.3949,-1.5178,0.0,-0.7184
Jake Fraley,2024,CIN,-1.3395,0.3596,0.0,-0.7232
Joey Loperfido,2024,- - -,-0.7387,-1.938,0.0,-0.7459
Santiago Espinal,2023,TOR,-1.5888,1.1737,0.0,-0.7517
Santiago Espinal,2024,CIN,-1.5548,1.4529,0.0,-0.7521
Jake Meyers,2023,HOU,-0.882,-0.4622,0.0,-0.7614
Myles Straw,2022,CLE,-1.6889,1.4359,0.0,-0.7621
Francisco Mejia,2022,TBR,-1.1219,0.081,0.0,-0.7633
Jose Caballero,2024,TBR,-1.0097,-0.6716,0.0,-0.7751
Jake McCarthy,2024,ARI,-1.5645,1.1517,0.0,-0.7779
Ozzie Albies,2022,ATL,-0.8842,0.4629,0.0,-0.7834
Taylor Walls,2022,TBR,-0.9055,-0.7177,0.0,-0.8219
Eddie Rosario,2022,ATL,-0.7368,-0.7891,0.0,-0.823
Adam Frazier,2022,SEA,-1.7185,1.55,0.0,-0.8274
Jake McCarthy,2023,ARI,-1.5474,0.628,0.0,-0.8298
Nick Allen,2023,OAK,-1.7401,1.0545,0.0,-0.8307
Nicky Lopez,2022,KCR,-1.6914,1.1783,0.0,-0.834
Brayan Rocchio,2024,CLE,-1.2626,0.2401,0.0,-0.8342
Christian Vazquez,2023,MIN,-1.3223,-0.3,0.0,-0.8376
Sal Frelick,2024,MIL,-1.9056,1.4691,0.0,-0.8389
Garrett Hampson,2023,MIA,-1.2606,-0.4639,0.0,-0.8485
Jose Caballero,2023,SEA,-1.3919,0.1943,0.0,-0.8489
Robbie Grossman,2022,- - -,-1.1625,-0.5538,0.0,-0.8493
Kevin Kiermaier,2023,TOR,-1.2596,-0.3019,0.0,-0.8531
Adam Frazier,2024,KCR,-1.5166,0.54,0.0,-0.8824
Paul DeJong,2023,- - -,-0.8563,-1.3101,0.0,-0.8827
Adam Frazier,2023,BAL,-1.4841,1.0693,0.0,-0.8852
Victor Robles,2022,WSN,-1.1748,-0.6978,0.0,-0.8935
Josh Rojas,2023,- - -,-1.3225,0.0082,0.0,-0.9132
Josh Smith,2022,TEX,-1.3449,0.1753,0.0,-0.9145
Steven Kwan,2023,CLE,-1.9159,2.0,0.0,-0.9274
Whit Merrifield,2023,TOR,-1.6405,0.7747,0.0,-0.9326
Kevin Newman,2024,ARI,-1.7599,1.1052,0.0,-0.9619
Nicky Lopez,2023,- - -,-1.6924,0.7059,0.0,-0.9694
Geraldo Perdomo,2022,ARI,-1.7076,0.3535,0.0,-0.9715
Tucker Barnhart,2022,DET,-1.7195,0.0519,0.0,-0.9859
Xavier Edwards,2024,MIA,-1.8588,0.8089,0.0,-1.0497
Taylor Walls,2023,TBR,-1.3932,-0.609,0.0,-1.0534
Geraldo Perdomo,2023,ARI,-1.8777,1.0125,0.0,-1.0834
Austin Hedges,2022,CLE,-1.394,-0.383,0.0,-1.1053
Omar Narvaez,2022,MIL,-1.5359,0.2072,0.0,-1.1066
Dylan Carlson,2024,- - -,-1.2928,-1.3125,0.0,-1.1329
Taylor Walls,2024,TBR,-1.4191,-0.587,0.0,-1.1334
Tony Kemp,2022,OAK,-1.9794,1.6288,0.0,-1.1788
Nick Allen,2022,OAK,-1.9287,0.275,0.0,-1.2576
