player_name,fg_id,predictor_season,target_season,team_fg,power_skill_score,contact_skill_score,speed_skill_score
Marcus Semien,12533,2022,2023,TEX,-0.3147,0.7208,0.0
Freddie Freeman,5361,2022,2023,LAD,0.5773,0.9446,0.0
Trea Turner,16252,2022,2023,LAD,0.0723,0.1488,0.0
Francisco Lindor,12916,2022,2023,NYM,0.0761,0.4074,0.0
Vladimir Guerrero Jr.,19611,2022,2023,TOR,1.3131,0.5256,0.0
Matt Olson,14344,2022,2023,ATL,1.5895,-0.7283,0.0
Bo Bichette,19612,2022,2023,TOR,0.5984,0.155,0.0
Aaron Judge,15640,2022,2023,NYY,3.6155,-0.6515,0.0
Dansby Swanson,18314,2022,2023,ATL,0.4344,-0.9878,0.0
Austin Riley,18360,2022,2023,ATL,1.7267,-0.4057,0.0
Jose Ramirez,13510,2022,2023,CLE,0.0448,1.5322,0.0
Pete Alonso,19251,2022,2023,NYM,1.1219,0.4136,0.0
Jake Cronenworth,18036,2022,2023,SDP,-0.564,0.6719,0.0
Jose Abreu,15676,2022,2023,CHW,0.6744,0.6475,0.0
Brandon Nimmo,12927,2022,2023,NYM,-0.0583,0.6797,0.0
Cedric Mullins,17929,2022,2023,BAL,-0.4961,0.3925,0.0
Christian Yelich,11477,2022,2023,MIL,0.6791,-0.201,0.0
Amed Rosario,15518,2022,2023,CLE,-0.5734,0.7532,0.0
Kyle Schwarber,16478,2022,2023,PHI,2.3746,-1.2459,0.0
Christian Walker,13419,2022,2023,ARI,0.7368,0.1658,0.0
Shohei Ohtani,19755,2022,2023,LAA,2.1185,-0.6117,0.0
Juan Soto,20123,2022,2023,- - -,0.9507,0.9455,0.0
Corey Seager,13624,2022,2023,TEX,0.5739,0.4245,0.0
Jurickson Profar,10815,2022,2023,SDP,-0.8011,0.837,0.0
Adolis Garcia,19287,2022,2023,TEX,1.1009,-1.3619,0.0
Alex Bregman,17678,2022,2023,HOU,-0.1664,1.4655,0.0
Paul Goldschmidt,9218,2022,2023,STL,0.7768,-0.2925,0.0
Anthony Santander,14551,2022,2023,BAL,0.744,0.5221,0.0
Josh Bell,13145,2022,2023,- - -,-0.045,0.6312,0.0
Randy Arozarena,19290,2022,2023,TBR,0.2779,-0.6379,0.0
Nathaniel Lowe,19566,2022,2023,TEX,0.4927,-0.0574,0.0
Alex Verdugo,17027,2022,2023,BOS,-0.2818,1.3803,0.0
Manny Machado,11493,2022,2023,SDP,0.6568,0.0092,0.0
Ian Happ,17919,2022,2023,CHC,0.0691,-0.3918,0.0
Mookie Betts,13611,2022,2023,LAD,0.3138,1.0734,0.0
Steven Kwan,24610,2022,2023,CLE,-1.6211,2.1274,0.0
C.J. Cron,12546,2022,2023,COL,0.7156,-0.3252,0.0
Bobby Witt Jr.,25764,2022,2023,KCR,0.4034,-0.001,0.0
Alec Bohm,21618,2022,2023,PHI,-0.0801,0.5733,0.0
Xander Bogaerts,12161,2022,2023,BOS,-0.1352,0.1427,0.0
Tommy Edman,19470,2022,2023,STL,-0.1763,0.7356,0.0
Eugenio Suarez,12552,2022,2023,SEA,1.0486,-1.6195,0.0
Tommy Pham,2967,2022,2023,- - -,0.4232,-0.5609,0.0
Matt Chapman,16505,2022,2023,TOR,1.1915,-1.0558,0.0
Nolan Arenado,9777,2022,2023,STL,0.1314,1.3365,0.0
Willy Adames,15986,2022,2023,MIL,0.7012,-0.7697,0.0
Rafael Devers,17350,2022,2023,BOS,1.0747,-0.1602,0.0
Bryan Reynolds,19326,2022,2023,PIT,0.2666,-0.1657,0.0
Ty France,17982,2022,2023,SEA,-0.5437,1.0808,0.0
Sean Murphy,19352,2022,2023,OAK,0.5445,0.0773,0.0
Kyle Tucker,18345,2022,2023,HOU,0.4633,0.7289,0.0
Ryan Mountcastle,18373,2022,2023,BAL,1.2233,-0.783,0.0
Jose Altuve,5417,2022,2023,HOU,-0.4472,1.2046,0.0
J.P. Crawford,15491,2022,2023,SEA,-1.3062,1.4247,0.0
Luis Arraez,18568,2022,2023,MIN,-0.9641,2.4923,0.0
Adam Frazier,15223,2022,2023,SEA,-1.7185,1.55,0.0
Wilmer Flores,5827,2022,2023,SFG,-0.4746,0.801,0.0
Rowdy Tellez,15679,2022,2023,MIL,1.3465,0.1318,0.0
Ryan McMahon,15112,2022,2023,COL,0.7512,-0.77,0.0
Myles Straw,17620,2022,2023,CLE,-1.6889,1.4359,0.0
J.D. Martinez,6184,2022,2023,BOS,0.6487,-0.7551,0.0
Daulton Varsho,19918,2022,2023,ARI,0.1391,-0.4981,0.0
Javier Baez,12979,2022,2023,DET,-0.0343,-0.8384,0.0
Carlos Correa,14162,2022,2023,MIN,0.8269,0.2851,0.0
Jeff McNeil,15362,2022,2023,NYM,-1.0037,1.4983,0.0
Trey Mancini,15149,2022,2023,- - -,0.3508,-0.3161,0.0
Yuli Gurriel,19198,2022,2023,HOU,-0.9359,1.6357,0.0
Kyle Farmer,14813,2022,2023,CIN,-1.1352,0.899,0.0
George Springer,12856,2022,2023,TOR,0.247,-0.0914,0.0
Austin Hays,19363,2022,2023,BAL,-0.6046,0.4602,0.0
Ha-seong Kim,27506,2022,2023,SDP,-0.8216,0.7121,0.0
Brendan Rodgers,17907,2022,2023,COL,0.0658,0.4803,0.0
Andrew McCutchen,9847,2022,2023,MIL,0.0659,-0.1262,0.0
Will Smith,19197,2022,2023,LAD,0.3191,0.716,0.0
Charlie Blackmon,7859,2022,2023,COL,-0.8837,0.4601,0.0
Elvis Andrus,8709,2022,2023,- - -,-0.6534,0.7597,0.0
Gleyber Torres,16997,2022,2023,NYY,0.5932,-0.4392,0.0
Brandon Drury,11615,2022,2023,- - -,0.4641,0.2486,0.0
Max Muncy,13301,2022,2023,LAD,0.9467,-0.7072,0.0
Taylor Ward,17548,2022,2023,LAA,0.8293,0.106,0.0
J.T. Realmuto,11739,2022,2023,PHI,0.5446,-0.1147,0.0
Yordan Alvarez,19556,2022,2023,HOU,2.8042,0.4266,0.0
Ke'Bryan Hayes,18577,2022,2023,PIT,-0.1874,0.4298,0.0
Julio Rodriguez,23697,2022,2023,SEA,1.4418,-0.8285,0.0
Nick Castellanos,11737,2022,2023,PHI,-0.3886,-0.5615,0.0
Yandy Diaz,16578,2022,2023,TBR,0.1549,1.6226,0.0
Ketel Marte,13613,2022,2023,ARI,0.1899,0.4673,0.0
Jeremy Pena,21636,2022,2023,HOU,0.0374,-0.3973,0.0
Mike Yastrzemski,14854,2022,2023,SFG,0.4592,-0.2242,0.0
Tony Kemp,14894,2022,2023,OAK,-1.9794,1.6288,0.0
Andres Gimenez,19950,2022,2023,CLE,-0.4401,-0.0421,0.0
Andrew Vaughn,26197,2022,2023,CHW,0.2855,0.7174,0.0
Seth Brown,18171,2022,2023,OAK,0.858,-0.6619,0.0
Gio Urshela,10681,2022,2023,MIN,-0.2181,0.6186,0.0
Whit Merrifield,11281,2022,2023,- - -,-0.9406,0.7886,0.0
Cody Bellinger,15998,2022,2023,LAD,-0.1491,-0.8235,0.0
Anthony Rizzo,3473,2022,2023,NYY,0.6739,0.4097,0.0
Lane Thomas,16939,2022,2023,WSN,-0.4907,0.0585,0.0
Jesse Winker,13590,2022,2023,SEA,-0.2479,0.3842,0.0
Josh Donaldson,5038,2022,2023,NYY,0.4594,-1.4035,0.0
Mark Canha,11445,2022,2023,NYM,-0.7513,0.3238,0.0
Eduardo Escobar,6153,2022,2023,NYM,0.2187,-0.3247,0.0
Thairo Estrada,16426,2022,2023,SFG,-0.9249,0.8569,0.0
Alejandro Kirk,22581,2022,2023,TOR,-0.094,1.5275,0.0
DJ LeMahieu,9874,2022,2023,NYY,-0.372,1.4612,0.0
Randal Grichuk,10243,2022,2023,COL,0.0134,-0.038,0.0
Teoscar Hernandez,13066,2022,2023,TOR,1.5087,-1.3486,0.0
MJ Melendez,22197,2022,2023,KCR,0.4851,-0.6708,0.0
Patrick Wisdom,13602,2022,2023,CHC,1.1802,-2.1273,0.0
Ronald Acuna Jr.,18401,2022,2023,ATL,1.2776,-0.3824,0.0
Jorge Mateo,17273,2022,2023,BAL,-0.4421,-0.92,0.0
Justin Turner,5235,2022,2023,LAD,-0.0582,0.6177,0.0
Isiah Kiner-Falefa,16512,2022,2023,NYY,-1.3351,1.7169,0.0
A.J. Pollock,9256,2022,2023,CHW,0.1691,0.37,0.0
Trent Grisham,18564,2022,2023,SDP,-0.0261,-0.9424,0.0
Hunter Renfroe,15464,2022,2023,MIL,0.703,-0.3394,0.0
Andrew Benintendi,17901,2022,2023,- - -,-0.4597,0.6916,0.0
Nico Hoerner,21479,2022,2023,CHC,-0.9971,1.7177,0.0
Luis Rengifo,19858,2022,2023,LAA,-0.6813,0.7055,0.0
Jonathan Schoop,11265,2022,2023,DET,-0.5201,-0.0807,0.0
Josh Rojas,19734,2022,2023,ARI,-0.6405,0.1865,0.0
Nelson Cruz,2434,2022,2023,WSN,0.5226,-0.7864,0.0
Marcell Ozuna,10324,2022,2023,ATL,0.983,-0.4577,0.0
Miguel Rojas,7802,2022,2023,MIA,-1.2846,1.6588,0.0
Jesus Aguilar,11342,2022,2023,- - -,-0.4438,-0.2949,0.0
Carlos Santana,2396,2022,2023,- - -,0.4238,0.4377,0.0
Starling Marte,9241,2022,2023,NYM,-0.2541,0.3136,0.0
Geraldo Perdomo,22799,2022,2023,ARI,-1.7076,0.3535,0.0
Mike Trout,10155,2022,2023,LAA,2.1802,-1.1303,0.0
Josh Naylor,18839,2022,2023,CLE,0.2723,0.8155,0.0
Kolten Wong,12532,2022,2023,MIL,-0.6094,0.4935,0.0
Lourdes Gurriel Jr.,19238,2022,2023,TOR,-0.4846,0.5882,0.0
Santiago Espinal,19997,2022,2023,TOR,-1.1528,1.2706,0.0
David Peralta,2136,2022,2023,- - -,0.3969,-0.1937,0.0
Dylan Carlson,20126,2022,2023,STL,-0.9296,0.0202,0.0
Willson Contreras,11609,2022,2023,CHC,0.875,-0.4102,0.0
Jose Miranda,20538,2022,2023,MIN,-0.2811,0.3568,0.0
Nicky Lopez,19339,2022,2023,KCR,-1.6914,1.1783,0.0
Robbie Grossman,5254,2022,2023,- - -,-1.1625,-0.5538,0.0
Salvador Perez,7304,2022,2023,KCR,0.8634,-0.6096,0.0
Owen Miller,24655,2022,2023,CLE,-1.049,0.6719,0.0
Rougned Odor,12282,2022,2023,BAL,-0.3509,-0.3151,0.0
Luis Urias,16622,2022,2023,MIL,-0.1814,-0.0149,0.0
Gary Sanchez,11442,2022,2023,MIN,1.2523,-0.9596,0.0
Adley Rutschman,26288,2022,2023,BAL,-0.1159,0.8303,0.0
Garrett Cooper,15279,2022,2023,MIA,0.4969,-0.2275,0.0
Brendan Donovan,24679,2022,2023,STL,-1.0812,1.2007,0.0
Jeimer Candelario,13621,2022,2023,DET,-0.1038,-0.1577,0.0
Connor Joe,16572,2022,2023,COL,-0.8634,0.3436,0.0
Bryson Stott,26294,2022,2023,PHI,-0.7428,0.7128,0.0
Taylor Walls,22458,2022,2023,TBR,-0.9055,-0.7177,0.0
Daniel Vogelbach,14130,2022,2023,- - -,0.3837,0.117,0.0
Brandon Marsh,20202,2022,2023,- - -,-0.251,-1.5546,0.0
Brandon Crawford,5343,2022,2023,SFG,-0.4324,-0.7714,0.0
Michael A. Taylor,11489,2022,2023,KCR,-0.5039,-0.4995,0.0
Jared Walsh,18607,2022,2023,LAA,0.3846,-1.1111,0.0
Chris Taylor,13757,2022,2023,LAD,-0.002,-2.7412,0.0
Aaron Hicks,5297,2022,2023,NYY,-0.5107,-0.4878,0.0
Giancarlo Stanton,4949,2022,2023,NYY,2.6527,-1.8227,0.0
Jonah Heim,16930,2022,2023,TEX,0.0453,0.4069,0.0
Max Kepler,12144,2022,2023,MIN,0.0958,0.9525,0.0
Seiya Suzuki,30116,2022,2023,CHC,0.4834,-0.0906,0.0
Jorge Polanco,13152,2022,2023,MIN,0.3507,-0.0275,0.0
Ramon Urias,18795,2022,2023,BAL,0.2199,-0.3907,0.0
Harold Castro,14691,2022,2023,DET,-0.7791,0.7255,0.0
Michael Harris II,25931,2022,2023,ATL,0.4298,-0.3553,0.0
Harold Ramirez,14387,2022,2023,TBR,-0.2729,0.4774,0.0
Keibert Ruiz,19610,2022,2023,WSN,-0.8059,1.5887,0.0
Yoan Moncada,17232,2022,2023,CHW,0.269,-0.6567,0.0
Miguel Cabrera,1744,2022,2023,DET,-0.4435,-0.382,0.0
Joc Pederson,11899,2022,2023,SFG,1.5309,0.0199,0.0
Raimel Tapia,14350,2022,2023,TOR,-0.5071,0.5335,0.0
Jonathan India,21523,2022,2023,CIN,-0.7831,0.1214,0.0
Christian Vazquez,9774,2022,2023,- - -,-0.6194,1.0319,0.0
Bryce Harper,11579,2022,2023,PHI,1.1534,-0.1967,0.0
Travis d'Arnaud,7739,2022,2023,ATL,0.1164,-0.2506,0.0
Josh Harrison,8202,2022,2023,CHW,-1.0796,0.6657,0.0
Christopher Morel,21897,2022,2023,CHC,0.8339,-2.4171,0.0
Kole Calhoun,11200,2022,2023,TEX,0.3801,-2.0158,0.0
Nick Senzel,19293,2022,2023,CIN,-0.9556,0.5382,0.0
Ji-Man Choi,5452,2022,2023,TBR,0.7847,-1.5262,0.0
Eric Hosmer,3516,2022,2023,- - -,-0.266,1.2042,0.0
Riley Greene,25976,2022,2023,DET,0.2555,-0.5472,0.0
Cal Raleigh,21534,2022,2023,SEA,1.4711,-1.3232,0.0
Alek Thomas,23792,2022,2023,ARI,-0.755,0.1625,0.0
Joey Gallo,14128,2022,2023,- - -,1.6332,-2.9648,0.0
Gavin Sheets,19901,2022,2023,CHW,-0.292,0.2888,0.0
Victor Robles,18363,2022,2023,WSN,-1.1748,-0.6978,0.0
Chas McCormick,19599,2022,2023,HOU,0.1113,-0.9775,0.0
Tyrone Taylor,13675,2022,2023,MIL,0.07,-0.4577,0.0
Jon Berti,12037,2022,2023,MIA,-0.5487,-0.0369,0.0
Spencer Torkelson,27465,2022,2023,DET,0.2539,-0.3651,0.0
Enrique Hernandez,10472,2022,2023,BOS,-0.2705,0.3056,0.0
Luis Robert Jr.,20043,2022,2023,CHW,0.6573,0.2685,0.0
Austin Nola,15941,2022,2023,SDP,-0.8064,1.2045,0.0
Trevor Story,12564,2022,2023,BOS,0.6607,-1.1932,0.0
Willi Castro,17338,2022,2023,DET,-0.9111,-0.1541,0.0
Jean Segura,5933,2022,2023,PHI,-0.6315,1.0578,0.0
Jacob Stallings,13723,2022,2023,MIA,-0.9188,0.2595,0.0
Tyler O'Neill,15711,2022,2023,STL,0.4703,-0.9273,0.0
Ramon Laureano,17128,2022,2023,OAK,0.3756,-0.8877,0.0
Brian Anderson,18289,2022,2023,MIA,0.2555,-1.0063,0.0
Byron Buxton,14161,2022,2023,MIN,1.7463,-1.493,0.0
Oscar Gonzalez,20970,2022,2023,CLE,0.0057,0.1517,0.0
Elias Diaz,11680,2022,2023,COL,-0.2502,0.2654,0.0
Isaac Paredes,20036,2022,2023,TBR,-0.304,0.8695,0.0
Avisail Garcia,5760,2022,2023,MIA,0.2025,-1.3037,0.0
Martin Maldonado,6887,2022,2023,HOU,-0.1279,-1.1957,0.0
Luis Garcia Jr.,20391,2022,2023,WSN,-0.1086,-0.2751,0.0
William Contreras,20503,2022,2023,ATL,1.1387,-1.3699,0.0
Joey Votto,4314,2022,2023,CIN,0.5276,-0.9232,0.0
Yasmani Grandal,11368,2022,2023,CHW,-0.3833,0.1346,0.0
Jack Suwinski,22244,2022,2023,PIT,0.6309,-1.1571,0.0
Rafael Ortega,10323,2022,2023,CHC,-0.7242,0.4549,0.0
Joey Wendle,13853,2022,2023,MIA,-1.2463,1.3879,0.0
Jackie Bradley Jr.,12984,2022,2023,- - -,-0.8102,-0.554,0.0
J.D. Davis,16219,2022,2023,- - -,1.5666,-2.4122,0.0
Manuel Margot,14712,2022,2023,TBR,-0.593,0.3406,0.0
Emmanuel Rivera,19890,2022,2023,- - -,0.2336,-0.1876,0.0
Matt Vierling,21558,2022,2023,PHI,-0.0465,0.5211,0.0
Bryan De La Cruz,19600,2022,2023,MIA,0.6787,-0.5589,0.0
Jake McCarthy,21622,2022,2023,ARI,-0.8445,-0.2839,0.0
Carson Kelly,13620,2022,2023,ARI,-0.5696,0.4291,0.0
Jose Trevino,16725,2022,2023,NYY,-0.5763,0.6715,0.0
Tim Anderson,15172,2022,2023,CHW,-0.5978,0.7281,0.0
Eric Haase,14111,2022,2023,DET,-0.0237,-1.1691,0.0
Lars Nootbaar,21454,2022,2023,STL,0.9562,-0.0479,0.0
Wander Franco,23667,2022,2023,TBR,-0.5215,1.8986,0.0
Jesus Sanchez,19913,2022,2023,MIA,0.565,-0.6382,0.0
Leody Taveras,18900,2022,2023,TEX,-0.3378,-0.6803,0.0
Austin Hedges,12976,2022,2023,CLE,-1.394,-0.383,0.0
Luis Guillorme,16451,2022,2023,NYM,-1.2519,1.5104,0.0
Christian Bethancourt,10028,2022,2023,- - -,0.7732,-1.0476,0.0
Jace Peterson,12325,2022,2023,MIL,-0.3649,-0.4263,0.0
Aledmys Diaz,15937,2022,2023,HOU,-0.3382,0.5264,0.0
Eloy Jimenez,17484,2022,2023,CHW,1.442,-0.6598,0.0
Nick Allen,22277,2022,2023,OAK,-1.9287,0.275,0.0
Austin Slater,16153,2022,2023,SFG,0.1158,-1.1701,0.0
Jose Siri,17452,2022,2023,- - -,-0.3542,-1.93,0.0
Adam Duvall,10950,2022,2023,ATL,0.6105,-1.3845,0.0
Victor Caratini,14968,2022,2023,MIL,-0.0403,0.343,0.0
Harrison Bader,18030,2022,2023,- - -,-1.1839,0.495,0.0
Nolan Gorman,22263,2022,2023,STL,0.9115,-1.7569,0.0
Kevin Newman,17696,2022,2023,PIT,-1.4161,1.2827,0.0
Tucker Barnhart,10200,2022,2023,DET,-1.7195,0.0519,0.0
Jorge Soler,14221,2022,2023,MIA,1.2397,-1.2644,0.0
Donovan Solano,8623,2022,2023,CIN,-0.6395,0.5136,0.0
Cavan Biggio,19252,2022,2023,TOR,-0.4962,-0.8967,0.0
CJ Abrams,25768,2022,2023,- - -,-1.1573,0.5824,0.0
Christian Arroyo,16434,2022,2023,BOS,-0.1389,0.9726,0.0
Francisco Mejia,16403,2022,2023,TBR,-1.1219,0.081,0.0
Vinnie Pasquantino,27676,2022,2023,KCR,0.4975,1.4954,0.0
Brandon Belt,10264,2022,2023,SFG,0.4141,-1.2226,0.0
Evan Longoria,9368,2022,2023,SFG,0.7151,-1.1223,0.0
Corey Dickerson,10762,2022,2023,STL,-0.6298,0.5356,0.0
Omar Narvaez,13338,2022,2023,MIL,-1.5359,0.2072,0.0
Yan Gomes,9627,2022,2023,CHC,-1.2506,0.9255,0.0
Andrew Knizner,19514,2022,2023,STL,-0.8995,0.3485,0.0
Alfonso Rivas,21560,2022,2023,CHC,-0.9852,-0.8914,0.0
Wil Myers,10047,2022,2023,SDP,-0.2456,-1.4314,0.0
Mike Moustakas,4892,2022,2023,CIN,-0.251,-0.7017,0.0
Kyle Isbel,21614,2022,2023,KCR,-0.2538,-0.1653,0.0
Rodolfo Castro,21987,2022,2023,PIT,-0.3137,-1.2177,0.0
Pavin Smith,19892,2022,2023,ARI,0.0295,0.0538,0.0
Reese McGuire,15674,2022,2023,- - -,-1.0315,0.6262,0.0
Eddie Rosario,12155,2022,2023,ATL,-0.7368,-0.7891,0.0
Ozzie Albies,16556,2022,2023,ATL,-0.8842,0.4629,0.0
Brandon Lowe,18882,2022,2023,TBR,0.4356,-1.0198,0.0
Mauricio Dubon,16530,2022,2023,- - -,-1.3273,1.4633,0.0
TJ Friedl,19522,2022,2023,CIN,-0.8391,0.7783,0.0
Trayce Thompson,9952,2022,2023,- - -,1.451,-2.2673,0.0
Dylan Moore,18042,2022,2023,SEA,0.4899,-1.1104,0.0
Josh Smith,26396,2022,2023,TEX,-1.3449,0.1753,0.0
LaMonte Wade Jr.,18126,2022,2023,SFG,0.0022,0.547,0.0
Marcus Semien,12533,2023,2024,TEX,-0.5163,1.0859,0.0
Ronald Acuna Jr.,18401,2023,2024,ATL,1.9985,1.2345,0.0
Freddie Freeman,5361,2023,2024,LAD,0.2909,0.7379,0.0
Alex Bregman,17678,2023,2024,HOU,-0.7029,1.6674,0.0
Nathaniel Lowe,19566,2023,2024,TEX,-0.2977,0.3333,0.0
Matt Olson,14344,2023,2024,ATL,1.9735,-0.5386,0.0
Kyle Schwarber,16478,2023,2024,PHI,1.6039,-1.1787,0.0
Steven Kwan,24610,2023,2024,CLE,-1.9159,2.0,0.0
Austin Riley,18360,2023,2024,ATL,1.2926,-0.3979,0.0
Julio Rodriguez,23697,2023,2024,SEA,1.1082,-0.2957,0.0
Juan Soto,20123,2023,2024,SDP,1.2038,0.7269,0.0
Eugenio Suarez,12552,2023,2024,SEA,0.6586,-1.2998,0.0
Bobby Witt Jr.,25764,2023,2024,KCR,0.7053,0.5335,0.0
Mookie Betts,13611,2023,2024,LAD,0.7431,1.1851,0.0
Trea Turner,16252,2023,2024,PHI,-0.0119,-0.1636,0.0
Jose Ramirez,13510,2023,2024,CLE,-0.1123,1.6658,0.0
Ian Happ,17919,2023,2024,CHC,0.1361,-0.0648,0.0
Nico Hoerner,21479,2023,2024,CHC,-1.3052,1.8157,0.0
Francisco Lindor,12916,2023,2024,NYM,0.5061,0.3707,0.0
Adley Rutschman,26288,2023,2024,BAL,-0.2847,1.37,0.0
Paul Goldschmidt,9218,2023,2024,STL,0.6581,-0.4242,0.0
Spencer Torkelson,27465,2023,2024,DET,1.1037,-0.2466,0.0
George Springer,12856,2023,2024,TOR,0.0949,0.4562,0.0
Brandon Nimmo,12927,2023,2024,NYM,0.4083,0.2848,0.0
Vladimir Guerrero Jr.,19611,2023,2024,TOR,0.947,0.7605,0.0
Lane Thomas,16939,2023,2024,WSN,0.0422,0.0416,0.0
Teoscar Hernandez,13066,2023,2024,SEA,0.9392,-1.4384,0.0
Kyle Tucker,18345,2023,2024,HOU,0.26,1.1709,0.0
Gleyber Torres,16997,2023,2024,NYY,0.0075,0.882,0.0
Nick Castellanos,11737,2023,2024,PHI,0.167,-0.984,0.0
Xander Bogaerts,12161,2023,2024,SDP,-0.5487,0.7643,0.0
Spencer Steer,26323,2023,2024,CIN,-0.3506,0.1391,0.0
Ty France,17982,2023,2024,SEA,-0.3194,0.8221,0.0
Christian Walker,13419,2023,2024,ARI,0.4829,0.132,0.0
Ozzie Albies,16556,2023,2024,ATL,-0.145,0.9785,0.0
Pete Alonso,19251,2023,2024,NYM,1.1112,-0.0956,0.0
Joey Meneses,14366,2023,2024,WSN,-0.4783,0.487,0.0
Rafael Devers,17350,2023,2024,BOS,1.1872,-0.038,0.0
Anthony Santander,14551,2023,2024,BAL,0.5332,0.0901,0.0
Randy Arozarena,19290,2023,2024,TBR,0.9074,-0.6148,0.0
Ketel Marte,13613,2023,2024,ARI,0.4609,0.7619,0.0
Jeff McNeil,15362,2023,2024,NYM,-1.461,1.8418,0.0
Corbin Carroll,25878,2023,2024,ARI,0.0814,0.5385,0.0
Bryson Stott,26294,2023,2024,PHI,-0.92,1.2322,0.0
Bryan Reynolds,19326,2023,2024,PIT,0.5273,-0.0839,0.0
Dansby Swanson,18314,2023,2024,CHC,0.0663,-0.6462,0.0
Willy Adames,15986,2023,2024,MIL,0.1935,-0.571,0.0
J.P. Crawford,15491,2023,2024,SEA,-0.6951,0.6869,0.0
Fernando Tatis Jr.,19709,2023,2024,SDP,0.6722,-0.4759,0.0
Jeremy Pena,21636,2023,2024,HOU,-0.7963,0.2725,0.0
Christian Yelich,11477,2023,2024,MIL,0.3766,-0.0812,0.0
Adolis Garcia,19287,2023,2024,TEX,1.5294,-1.0173,0.0
Ryan McMahon,15112,2023,2024,COL,0.5683,-1.526,0.0
Justin Turner,5235,2023,2024,BOS,-0.5757,0.9609,0.0
Bryan De La Cruz,19600,2023,2024,MIA,0.0259,-0.4023,0.0
Ha-seong Kim,27506,2023,2024,SDP,-1.1338,0.6356,0.0
Gunnar Henderson,26289,2023,2024,BAL,0.8037,-0.4956,0.0
Andrew Benintendi,17901,2023,2024,CHW,-1.2462,0.9815,0.0
Carlos Santana,2396,2023,2024,- - -,-0.3092,0.5137,0.0
Josh Bell,13145,2023,2024,- - -,0.3934,0.1164,0.0
Luis Arraez,18568,2023,2024,MIA,-1.4729,2.5904,0.0
Andres Gimenez,19950,2023,2024,CLE,-1.0644,0.3459,0.0
Andrew Vaughn,26197,2023,2024,CHW,0.1266,0.3978,0.0
Ezequiel Tovar,24064,2023,2024,COL,-0.3668,-0.5859,0.0
CJ Abrams,25768,2023,2024,WSN,-0.3348,0.544,0.0
Nolan Arenado,9777,2023,2024,STL,-0.2992,1.0353,0.0
Alec Bohm,21618,2023,2024,PHI,-0.53,1.1417,0.0
William Contreras,20503,2023,2024,MIL,0.428,-0.1842,0.0
Alex Verdugo,17027,2023,2024,BOS,-0.4537,1.3248,0.0
MJ Melendez,22197,2023,2024,KCR,0.8782,-1.2908,0.0
Manny Machado,11493,2023,2024,SDP,0.6667,0.3673,0.0
Anthony Volpe,27647,2023,2024,NYY,-0.1849,-0.6718,0.0
Bo Bichette,19612,2023,2024,TOR,0.2768,0.7472,0.0
Yandy Diaz,16578,2023,2024,TBR,0.6941,0.9519,0.0
Shohei Ohtani,19755,2023,2024,LAA,2.3215,-0.5651,0.0
Luis Robert Jr.,20043,2023,2024,CHW,0.9824,-1.0179,0.0
Jose Abreu,15676,2023,2024,HOU,0.1081,0.0491,0.0
Whit Merrifield,11281,2023,2024,TOR,-1.6405,0.7747,0.0
Marcell Ozuna,10324,2023,2024,ATL,1.529,-0.1318,0.0
Lourdes Gurriel Jr.,19238,2023,2024,ARI,-0.1479,1.0111,0.0
Dominic Smith,15653,2023,2024,WSN,-0.8141,0.868,0.0
Seiya Suzuki,30116,2023,2024,CHC,0.6522,0.1655,0.0
Daulton Varsho,19918,2023,2024,TOR,-0.189,0.0515,0.0
Matt Chapman,16505,2023,2024,TOR,1.7817,-1.0935,0.0
Carlos Correa,14162,2023,2024,MIN,0.4143,0.0812,0.0
Masataka Yoshida,31837,2023,2024,BOS,-0.2985,1.0844,0.0
Salvador Perez,7304,2023,2024,KCR,0.2325,-0.2634,0.0
Jorge Soler,14221,2023,2024,MIA,1.2927,-0.2351,0.0
Max Muncy,13301,2023,2024,LAD,0.9786,-0.7417,0.0
Jeimer Candelario,13621,2023,2024,- - -,-0.2229,0.1814,0.0
Isaac Paredes,20036,2023,2024,TBR,-0.8532,0.9049,0.0
Cal Raleigh,21534,2023,2024,SEA,0.7301,-0.8795,0.0
James Outman,24770,2023,2024,LAD,0.1994,-1.6328,0.0
Austin Hays,19363,2023,2024,BAL,-0.0073,-0.266,0.0
Keibert Ruiz,19610,2023,2024,WSN,-0.6765,1.8658,0.0
DJ LeMahieu,9874,2023,2024,NYY,-0.3981,0.4467,0.0
Cody Bellinger,15998,2023,2024,CHC,-0.6427,0.8339,0.0
TJ Friedl,19522,2023,2024,CIN,-1.2858,1.0048,0.0
Trent Grisham,18564,2023,2024,SDP,0.5363,-0.7421,0.0
Leody Taveras,18900,2023,2024,TEX,-0.0746,0.17,0.0
Will Smith,19197,2023,2024,LAD,-0.2355,0.7932,0.0
Hunter Renfroe,15464,2023,2024,- - -,-0.2682,-0.0421,0.0
Javier Baez,12979,2023,2024,DET,-0.4733,-0.4087,0.0
Bryce Harper,11579,2023,2024,PHI,1.288,-0.3401,0.0
J.D. Davis,16219,2023,2024,SFG,0.1875,-1.2545,0.0
Amed Rosario,15518,2023,2024,- - -,-0.8469,0.6111,0.0
J.T. Realmuto,11739,2023,2024,PHI,0.3372,-0.4179,0.0
Jake Burger,22275,2023,2024,- - -,1.7471,-0.8842,0.0
Michael Harris II,25931,2023,2024,ATL,0.4826,0.4271,0.0
Corey Seager,13624,2023,2024,TEX,1.4439,0.6085,0.0
Jack Suwinski,22244,2023,2024,PIT,1.3143,-1.3031,0.0
Orlando Arcia,13185,2023,2024,ATL,-0.5025,0.1876,0.0
Thairo Estrada,16426,2023,2024,SFG,-0.8902,0.5,0.0
Matt Vierling,21558,2023,2024,DET,-0.4338,0.617,0.0
Jonathan India,21523,2023,2024,CIN,-0.1227,0.2877,0.0
Tommy Edman,19470,2023,2024,STL,-0.5452,1.2961,0.0
Brent Rooker,19627,2023,2024,OAK,1.2526,-1.6954,0.0
Elias Diaz,11680,2023,2024,COL,-0.4133,-0.0878,0.0
Ke'Bryan Hayes,18577,2023,2024,PIT,0.2644,0.7452,0.0
Tim Anderson,15172,2023,2024,CHW,-1.1151,-0.0653,0.0
Brandon Drury,11615,2023,2024,LAA,0.4636,-0.5441,0.0
Jake Cronenworth,18036,2023,2024,SDP,-0.9552,1.067,0.0
Jurickson Profar,10815,2023,2024,- - -,-1.0705,0.7621,0.0
LaMonte Wade Jr.,18126,2023,2024,SFG,0.0007,0.5402,0.0
Zach McKinstry,19392,2023,2024,DET,-0.556,0.4982,0.0
Tyler Stephenson,17988,2023,2024,CIN,-0.1882,-0.4784,0.0
Eddie Rosario,12155,2023,2024,ATL,-0.0898,-0.5094,0.0
Maikel Garcia,22715,2023,2024,KCR,-0.4707,0.2764,0.0
Josh Jung,26299,2023,2024,TEX,0.5508,-0.7719,0.0
Enrique Hernandez,10472,2023,2024,- - -,-0.8169,0.3734,0.0
Mark Canha,11445,2023,2024,- - -,-0.7654,0.9793,0.0
Lars Nootbaar,21454,2023,2024,STL,-0.0298,0.6352,0.0
Triston Casas,22514,2023,2024,BOS,0.888,-0.5968,0.0
Josh Lowe,19953,2023,2024,TBR,0.3937,-0.5552,0.0
Jonah Heim,16930,2023,2024,TEX,-0.1651,0.407,0.0
Yordan Alvarez,19556,2023,2024,HOU,2.051,0.6711,0.0
Ryan Noda,23312,2023,2024,OAK,0.8955,-2.1483,0.0
Geraldo Perdomo,22799,2023,2024,ARI,-1.8777,1.0125,0.0
Josh Naylor,18839,2023,2024,CLE,0.0969,1.263,0.0
Willson Contreras,11609,2023,2024,STL,1.0352,-0.1679,0.0
Mauricio Dubon,16530,2023,2024,HOU,-1.151,1.1323,0.0
Max Kepler,12144,2023,2024,MIN,0.7592,0.3719,0.0
Shea Langeliers,25816,2023,2024,OAK,0.9152,-1.1523,0.0
Eloy Jimenez,17484,2023,2024,CHW,0.353,0.157,0.0
Luis Garcia Jr.,20391,2023,2024,WSN,-0.6548,1.4367,0.0
Tommy Pham,2967,2023,2024,- - -,0.651,0.0486,0.0
J.D. Martinez,6184,2023,2024,LAD,1.5383,-1.2623,0.0
Andrew McCutchen,9847,2023,2024,PIT,-0.2998,-0.2831,0.0
Brandon Marsh,20202,2023,2024,PHI,0.1946,-0.6569,0.0
Connor Joe,16572,2023,2024,PIT,-0.0439,-0.0068,0.0
Randal Grichuk,10243,2023,2024,- - -,-0.0704,0.2416,0.0
Michael Conforto,16376,2023,2024,SFG,-0.2599,-0.0039,0.0
Ryan Mountcastle,18373,2023,2024,BAL,0.8292,-0.0347,0.0
Jordan Walker,27475,2023,2024,STL,0.0652,-0.178,0.0
Nolan Gorman,22263,2023,2024,STL,1.2927,-1.6206,0.0
Michael Massey,27684,2023,2024,KCR,-0.2043,0.3069,0.0
Kerry Carpenter,25961,2023,2024,DET,0.1029,-0.2249,0.0
Aaron Judge,15640,2023,2024,NYY,3.6274,-1.4824,0.0
Chas McCormick,19599,2023,2024,HOU,0.0285,-0.6342,0.0
Garrett Cooper,15279,2023,2024,- - -,0.0969,-0.7506,0.0
Adam Frazier,15223,2023,2024,BAL,-1.4841,1.0693,0.0
Will Brennan,25660,2023,2024,CLE,-1.5457,1.3401,0.0
Cedric Mullins,17929,2023,2024,BAL,-0.3232,-0.0226,0.0
Wilmer Flores,5827,2023,2024,SFG,-0.5451,1.2613,0.0
Donovan Solano,8623,2023,2024,MIN,-0.3746,0.2102,0.0
Brice Turang,22186,2023,2024,MIL,-1.3491,0.4553,0.0
Luis Rengifo,19858,2023,2024,LAA,-0.3759,0.2822,0.0
Ezequiel Duran,23733,2023,2024,TEX,0.3662,-0.5659,0.0
Alex Call,19296,2023,2024,WSN,-0.8574,0.7869,0.0
Sean Murphy,19352,2023,2024,ATL,1.3515,-0.1646,0.0
Brandon Lowe,18882,2023,2024,TBR,0.4684,-0.75,0.0
Harold Ramirez,14387,2023,2024,TBR,-0.5052,0.331,0.0
Brenton Doyle,25479,2023,2024,COL,-0.1931,-1.7806,0.0
Christopher Morel,21897,2023,2024,CHC,1.357,-1.6267,0.0
Elly De La Cruz,26668,2023,2024,CIN,0.6078,-1.0863,0.0
Joc Pederson,11899,2023,2024,SFG,1.1411,0.1176,0.0
Nolan Jones,20529,2023,2024,COL,1.186,-1.3828,0.0
Francisco Alvarez,26121,2023,2024,NYM,0.8307,-0.7948,0.0
Miguel Rojas,7802,2023,2024,LAD,-1.1633,1.6093,0.0
David Peralta,2136,2023,2024,LAD,-0.477,0.603,0.0
Alejandro Kirk,22581,2023,2024,TOR,-0.8588,1.8545,0.0
Anthony Rizzo,3473,2023,2024,NYY,-0.2424,0.1224,0.0
Robbie Grossman,5254,2023,2024,TEX,-0.4592,0.1302,0.0
Riley Greene,25976,2023,2024,DET,0.6677,-0.7221,0.0
Jarred Kelenic,22558,2023,2024,SEA,0.2341,-1.2779,0.0
Giancarlo Stanton,4949,2023,2024,NYY,1.8502,-1.3961,0.0
Charlie Blackmon,7859,2023,2024,COL,-0.9695,1.1627,0.0
Jose Altuve,5417,2023,2024,HOU,-0.5646,0.9524,0.0
Willi Castro,17338,2023,2024,MIN,-0.3118,-0.2621,0.0
Taylor Ward,17548,2023,2024,LAA,0.1051,0.6745,0.0
Kevin Kiermaier,11038,2023,2024,TOR,-1.2596,-0.3019,0.0
Edouard Julien,27534,2023,2024,MIN,0.3093,-1.2613,0.0
Martin Maldonado,6887,2023,2024,HOU,-0.2117,-1.6246,0.0
Luke Raley,19354,2023,2024,TBR,0.95,-1.6349,0.0
Yasmani Grandal,11368,2023,2024,CHW,-0.7432,0.146,0.0
Ramon Laureano,17128,2023,2024,- - -,0.0621,-0.5738,0.0
Connor Wong,19896,2023,2024,BOS,0.1355,-1.4328,0.0
Alek Thomas,23792,2023,2024,ARI,-0.5871,0.2611,0.0
Jesus Sanchez,19913,2023,2024,MIA,0.7226,-0.6099,0.0
Mike Tauchman,15274,2023,2024,CHC,-0.6737,0.011,0.0
Paul DeJong,18015,2023,2024,- - -,-0.8563,-1.3101,0.0
Ramon Urias,18795,2023,2024,BAL,-0.4641,-0.4958,0.0
Brett Baty,26123,2023,2024,NYM,0.0026,-0.9709,0.0
Michael A. Taylor,11489,2023,2024,MIN,0.6824,-1.434,0.0
Edward Olivares,19698,2023,2024,KCR,-0.2961,0.7454,0.0
Chris Taylor,13757,2023,2024,LAD,-0.1275,-1.8975,0.0
Andy Ibanez,18819,2023,2024,DET,-0.0689,0.6998,0.0
Jazz Chisholm Jr.,20454,2023,2024,MIA,0.5023,-1.7383,0.0
Mike Yastrzemski,14854,2023,2024,SFG,0.1904,-0.2692,0.0
Gabriel Moreno,22664,2023,2024,ARI,-0.6671,0.6745,0.0
Jake Fraley,19260,2023,2024,CIN,-0.7067,0.3301,0.0
Seth Brown,18171,2023,2024,OAK,0.7794,-0.6739,0.0
Yainer Diaz,23003,2023,2024,HOU,0.4838,0.285,0.0
Jason Heyward,4940,2023,2024,LAD,-0.1163,0.7888,0.0
Brendan Donovan,24679,2023,2024,STL,-0.5776,1.5106,0.0
Kyle Farmer,14813,2023,2024,MIN,-0.978,0.3847,0.0
Ryan O'Hearn,16442,2023,2024,BAL,0.3428,0.1915,0.0
Jake Rogers,19452,2023,2024,DET,0.3939,-1.5552,0.0
Jose Siri,17452,2023,2024,TBR,0.6592,-2.2934,0.0
Jarren Duran,24617,2023,2024,BOS,-0.2619,0.1217,0.0
Mike Trout,10155,2023,2024,LAA,1.4391,-0.8394,0.0
Isiah Kiner-Falefa,16512,2023,2024,NYY,-0.9539,0.6801,0.0
Christian Vazquez,9774,2023,2024,MIN,-1.3223,-0.3,0.0
Patrick Bailey,27478,2023,2024,SFG,-0.1421,-0.5422,0.0
Adam Duvall,10950,2023,2024,BOS,0.5012,-1.0348,0.0
Rowdy Tellez,15679,2023,2024,MIL,0.3169,0.1046,0.0
Josh Rojas,19734,2023,2024,- - -,-1.3225,0.0082,0.0
Jorge Mateo,17273,2023,2024,BAL,-0.4387,-0.0975,0.0
Taylor Walls,22458,2023,2024,TBR,-1.3932,-0.609,0.0
Byron Buxton,14161,2023,2024,MIN,1.4421,-1.1726,0.0
Alec Burleson,27615,2023,2024,STL,-0.3794,1.3791,0.0
Gabriel Arias,22563,2023,2024,CLE,0.4889,-1.9054,0.0
Gavin Sheets,19901,2023,2024,CHW,-0.68,0.5332,0.0
Harrison Bader,18030,2023,2024,- - -,-0.7858,0.5888,0.0
Mitch Garver,15161,2023,2024,TEX,0.7372,-0.0539,0.0
Jorge Polanco,13152,2023,2024,MIN,0.6132,-0.1061,0.0
Jake Meyers,20308,2023,2024,HOU,-0.882,-0.4622,0.0
Starling Marte,9241,2023,2024,NYM,-0.5708,0.247,0.0
Cavan Biggio,19252,2023,2024,TOR,-0.4017,-0.3281,0.0
Manuel Margot,14712,2023,2024,TBR,-0.7367,0.5535,0.0
Ryan Jeffers,24618,2023,2024,MIN,0.9205,-0.6342,0.0
Kris Bryant,15429,2023,2024,COL,-0.8767,0.2156,0.0
Joey Gallo,14128,2023,2024,MIN,1.9241,-3.198,0.0
Christian Bethancourt,10028,2023,2024,TBR,-0.3115,-1.0336,0.0
Nick Senzel,19293,2023,2024,CIN,-0.8706,0.1849,0.0
Oswaldo Cabrera,21707,2023,2024,NYY,-1.1535,0.1876,0.0
Will Benson,21853,2023,2024,CIN,0.0481,-1.4226,0.0
Zach Neto,31347,2023,2024,LAA,-0.0912,-0.408,0.0
Nick Allen,22277,2023,2024,OAK,-1.7401,1.0545,0.0
Nick Fortes,21538,2023,2024,MIA,-0.9265,0.8556,0.0
Corey Julks,20311,2023,2024,HOU,-0.6283,-0.0976,0.0
Mickey Moniak,19956,2023,2024,LAA,0.4062,-1.9194,0.0
Alex Kirilloff,20325,2023,2024,MIN,-0.5023,-0.2857,0.0
Andruw Monasterio,19455,2023,2024,MIL,-0.8478,0.2124,0.0
Kyle Isbel,21614,2023,2024,KCR,-0.4148,0.7373,0.0
Jake McCarthy,21622,2023,2024,ARI,-1.5474,0.628,0.0
Matt Thaiss,19318,2023,2024,LAA,0.0332,-1.2311,0.0
Elehuris Montero,20543,2023,2024,COL,-0.3347,-1.7182,0.0
Miguel Vargas,20178,2023,2024,LAD,-0.7263,0.3726,0.0
JJ Bleday,26368,2023,2024,OAK,-0.5439,-0.336,0.0
Patrick Wisdom,13602,2023,2024,CHC,2.1227,-1.8629,0.0
Danny Jansen,16535,2023,2024,TOR,0.0635,0.3163,0.0
Zack Gelof,29766,2023,2024,OAK,0.0903,-1.3359,0.0
Edmundo Sosa,17022,2023,2024,PHI,-0.5006,-0.4175,0.0
Travis d'Arnaud,7739,2023,2024,ATL,0.1105,-0.6029,0.0
Travis Jankowski,13768,2023,2024,TEX,-1.7809,1.4905,0.0
Ildemaro Vargas,13324,2023,2024,WSN,-1.1437,2.1408,0.0
Emmanuel Rivera,19890,2023,2024,ARI,-0.3675,0.2531,0.0
Jose Caballero,23401,2023,2024,SEA,-1.3919,0.1943,0.0
Casey Schmitt,27577,2023,2024,SFG,-0.3914,-0.0235,0.0
Jacob Stallings,13723,2023,2024,MIA,-0.6938,0.1455,0.0
Jake Bauers,15194,2023,2024,NYY,1.4693,-1.6573,0.0
Gary Sanchez,11442,2023,2024,- - -,1.2414,-0.3334,0.0
Tyler O'Neill,15711,2023,2024,STL,0.455,-0.2588,0.0
Nicky Lopez,19339,2023,2024,- - -,-1.6924,0.7059,0.0
Kyle Higashioka,5517,2023,2024,NYY,0.2829,-0.6096,0.0
Vinnie Pasquantino,27676,2023,2024,KCR,-0.2492,1.5868,0.0
Stuart Fairchild,20321,2023,2024,CIN,-0.6124,-1.1983,0.0
Henry Davis,29617,2023,2024,PIT,-0.3683,-0.4184,0.0
Dylan Carlson,20126,2023,2024,STL,-0.5442,0.4711,0.0
Matt Wallner,26466,2023,2024,MIN,1.921,-1.7909,0.0
Santiago Espinal,19997,2023,2024,TOR,-1.5888,1.1737,0.0
Luis Matos,26467,2023,2024,SFG,-1.3043,1.393,0.0
Kevin Newman,17696,2023,2024,CIN,-1.5445,1.5652,0.0
Garrett Hampson,19262,2023,2024,MIA,-1.2606,-0.4639,0.0
Jarren Duran,24617,2024,2025,BOS,0.4864,0.1231,0.0
Shohei Ohtani,19755,2024,2025,LAD,2.9412,-0.4439,0.0
Gunnar Henderson,26289,2024,2025,BAL,0.896,-0.0887,0.0
Marcus Semien,12533,2024,2025,TEX,-0.2549,0.9264,0.0
Juan Soto,20123,2024,2025,NYY,2.3011,0.4993,0.0
Bobby Witt Jr.,25764,2024,2025,KCR,1.5778,0.8427,0.0
Aaron Judge,15640,2024,2025,NYY,3.5963,-0.9089,0.0
Vladimir Guerrero Jr.,19611,2024,2025,TOR,1.6147,0.8365,0.0
Elly De La Cruz,26668,2024,2025,CIN,1.0413,-1.4908,0.0
Ezequiel Tovar,24064,2024,2025,COL,0.1121,-1.0033,0.0
Pete Alonso,19251,2024,2025,NYM,1.157,-0.1436,0.0
Bryan Reynolds,19326,2024,2025,PIT,0.291,-0.3427,0.0
Kyle Schwarber,16478,2024,2025,PHI,1.7497,-1.2377,0.0
Anthony Volpe,27647,2024,2025,NYY,-0.9201,-0.0008,0.0
Francisco Lindor,12916,2024,2025,NYM,1.0471,0.2586,0.0
Willy Adames,15986,2024,2025,MIL,0.6361,-0.6028,0.0
Marcell Ozuna,10324,2024,2025,ATL,1.5397,-0.7797,0.0
Matt Olson,14344,2024,2025,ATL,1.0223,-0.568,0.0
Corbin Carroll,25878,2024,2025,ARI,-0.0546,0.544,0.0
Jose Ramirez,13510,2024,2025,CLE,0.5387,1.5367,0.0
Jose Altuve,5417,2024,2025,HOU,-0.7069,0.6602,0.0
William Contreras,20503,2024,2025,MIL,1.025,-0.2103,0.0
Luis Arraez,18568,2024,2025,- - -,-1.4277,2.7424,0.0
Jurickson Profar,10815,2024,2025,SDP,0.0146,1.0332,0.0
Gleyber Torres,16997,2024,2025,NYY,-0.2872,0.0599,0.0
Anthony Santander,14551,2024,2025,BAL,0.88,0.493,0.0
Brandon Nimmo,12927,2024,2025,NYM,0.4272,-0.0576,0.0
Taylor Ward,17548,2024,2025,LAA,0.696,-0.4718,0.0
Nick Castellanos,11737,2024,2025,PHI,0.0403,-0.1953,0.0
Ian Happ,17919,2024,2025,CHC,0.8596,-0.7357,0.0
Jake Cronenworth,18036,2024,2025,SDP,-0.1475,0.8508,0.0
Spencer Steer,26323,2024,2025,CIN,-0.4643,0.3221,0.0
Paul Goldschmidt,9218,2024,2025,STL,0.5601,-0.7985,0.0
Teoscar Hernandez,13066,2024,2025,LAD,1.2297,-1.3952,0.0
Brendan Donovan,24679,2024,2025,STL,-0.5613,1.4943,0.0
Salvador Perez,7304,2024,2025,KCR,0.9088,0.157,0.0
Jeremy Pena,21636,2024,2025,HOU,-0.5804,0.7048,0.0
Randy Arozarena,19290,2024,2025,- - -,0.246,-0.946,0.0
Matt Chapman,16505,2024,2025,SFG,1.2348,-0.2344,0.0
Ryan McMahon,15112,2024,2025,COL,0.73,-1.129,0.0
Manny Machado,11493,2024,2025,SDP,1.0146,0.2428,0.0
JJ Bleday,26368,2024,2025,OAK,0.1719,0.1593,0.0
Nico Hoerner,21479,2024,2025,CHC,-1.3597,1.9553,0.0
Isaac Paredes,20036,2024,2025,- - -,-1.0894,0.9616,0.0
Eugenio Suarez,12552,2024,2025,ARI,0.4966,-0.763,0.0
Freddie Freeman,5361,2024,2025,LAD,0.2544,0.694,0.0
Adley Rutschman,26288,2024,2025,BAL,-0.4426,0.9908,0.0
Jonathan India,21523,2024,2025,CIN,-0.2589,0.516,0.0
Masyn Winn,27479,2024,2025,STL,-0.7841,0.8965,0.0
Adolis Garcia,19287,2024,2025,TEX,1.1229,-1.2573,0.0
Yordan Alvarez,19556,2024,2025,HOU,1.6779,0.9921,0.0
Nolan Arenado,9777,2024,2025,STL,-1.1503,1.2224,0.0
Willi Castro,17338,2024,2025,MIN,-0.2095,-0.2858,0.0
Alex Bregman,17678,2024,2025,HOU,-0.3225,1.4784,0.0
Josh Naylor,18839,2024,2025,CLE,0.0707,0.5741,0.0
Andres Gimenez,19950,2024,2025,CLE,-1.1619,0.7153,0.0
Bryce Harper,11579,2024,2025,PHI,0.7068,0.0459,0.0
Cal Raleigh,21534,2024,2025,SEA,1.4401,-0.9752,0.0
Maikel Garcia,22715,2024,2025,KCR,-0.6668,1.0081,0.0
Jazz Chisholm Jr.,20454,2024,2025,- - -,0.1572,-0.7458,0.0
Yandy Diaz,16578,2024,2025,TBR,0.6164,1.2714,0.0
Alex Verdugo,17027,2024,2025,NYY,-0.488,1.2815,0.0
Yainer Diaz,23003,2024,2025,HOU,0.0243,0.5933,0.0
Brice Turang,22186,2024,2025,MIL,-1.3023,1.1775,0.0
Andrew Vaughn,26197,2024,2025,CHW,0.4064,0.3916,0.0
George Springer,12856,2024,2025,TOR,-0.0816,0.0713,0.0
Brent Rooker,19627,2024,2025,OAK,1.5849,-1.0842,0.0
Julio Rodriguez,23697,2024,2025,SEA,0.7529,-0.7092,0.0
Christopher Morel,21897,2024,2025,- - -,0.3105,-1.2736,0.0
Nolan Schanuel,33189,2024,2025,LAA,-1.3755,1.0538,0.0
Alec Bohm,21618,2024,2025,PHI,-0.1103,1.2134,0.0
Brenton Doyle,25479,2024,2025,COL,0.247,-0.4743,0.0
Josh Bell,13145,2024,2025,- - -,-0.1263,0.1081,0.0
CJ Abrams,25768,2024,2025,WSN,-0.257,-0.0839,0.0
Orlando Arcia,13185,2024,2025,ATL,-0.6914,-0.0381,0.0
Zach Neto,31347,2024,2025,LAA,-0.0007,-0.3029,0.0
Rafael Devers,17350,2024,2025,BOS,1.2806,-0.9957,0.0
Oneil Cruz,21711,2024,2025,PIT,2.265,-1.5162,0.0
Alec Burleson,27615,2024,2025,STL,-0.1609,1.1326,0.0
Carlos Santana,2396,2024,2025,MIN,0.1285,0.4145,0.0
Jackson Merrill,29490,2024,2025,SDP,0.5851,0.616,0.0
Dansby Swanson,18314,2024,2025,CHC,0.057,-0.7889,0.0
Josh Smith,26396,2024,2025,TEX,-0.8984,0.2787,0.0
Seiya Suzuki,30116,2024,2025,CHC,1.0873,-0.5286,0.0
Riley Greene,25976,2024,2025,DET,1.0623,-0.7056,0.0
Ketel Marte,13613,2024,2025,ARI,1.4137,0.4984,0.0
Jake Burger,22275,2024,2025,MIA,1.0844,-0.5764,0.0
Jorge Soler,14221,2024,2025,- - -,1.0554,-0.4561,0.0
Jackson Chourio,28806,2024,2025,MIL,0.0407,-0.0178,0.0
Bryson Stott,26294,2024,2025,PHI,-0.9069,0.9906,0.0
Ceddanne Rafaela,24262,2024,2025,BOS,-0.5,-0.9898,0.0
Cody Bellinger,15998,2024,2025,CHC,-0.4682,0.6377,0.0
Michael Busch,26319,2024,2025,CHC,0.3311,-0.7816,0.0
Matt Vierling,21558,2024,2025,DET,-0.0302,0.4127,0.0
Nathaniel Lowe,19566,2024,2025,TEX,-0.322,0.2793,0.0
Colton Cowser,29591,2024,2025,BAL,1.038,-1.2513,0.0
Wyatt Langford,33333,2024,2025,TEX,0.3049,0.1635,0.0
Colt Keith,27899,2024,2025,DET,-0.6033,0.3702,0.0
Vinnie Pasquantino,27676,2024,2025,KCR,0.1921,1.6293,0.0
Lourdes Gurriel Jr.,19238,2024,2025,ARI,-0.2385,0.65,0.0
Christian Walker,13419,2024,2025,ARI,1.158,-0.3405,0.0
Zack Gelof,29766,2024,2025,OAK,-0.0814,-2.152,0.0
Will Smith,19197,2024,2025,LAD,0.311,0.485,0.0
Steven Kwan,24610,2024,2025,CLE,-1.4449,2.2273,0.0
Trea Turner,16252,2024,2025,PHI,-0.1976,0.4222,0.0
Brendan Rodgers,17907,2024,2025,COL,-0.3561,-0.234,0.0
Justin Turner,5235,2024,2025,- - -,-0.9305,0.8342,0.0
Jesus Sanchez,19913,2024,2025,MIA,1.2364,-0.6979,0.0
Ty France,17982,2024,2025,- - -,-0.1443,0.1911,0.0
Shea Langeliers,25816,2024,2025,OAK,1.0147,-0.7469,0.0
Corey Seager,13624,2024,2025,TEX,1.4028,0.4379,0.0
Leody Taveras,18900,2024,2025,TEX,-0.3804,-0.0798,0.0
Luis Garcia Jr.,20391,2024,2025,WSN,-0.0673,0.8324,0.0
Lane Thomas,16939,2024,2025,- - -,-0.0911,-0.2579,0.0
Sal Frelick,29622,2024,2025,MIL,-1.9056,1.4691,0.0
Andrew Benintendi,17901,2024,2025,CHW,-0.4452,0.4806,0.0
Logan O'Hoppe,24729,2024,2025,LAA,0.6797,-1.279,0.0
Jacob Young,29931,2024,2025,WSN,-1.5869,0.5734,0.0
Heliot Ramos,22515,2024,2025,SFG,1.0886,-0.6352,0.0
Rhys Hoskins,16472,2024,2025,MIL,0.541,-0.7703,0.0
Mookie Betts,13611,2024,2025,LAD,-0.2538,1.6542,0.0
Tyler Stephenson,17988,2024,2025,CIN,0.2009,0.1565,0.0
Andrew McCutchen,9847,2024,2025,PIT,0.3013,-0.892,0.0
Daulton Varsho,19918,2024,2025,TOR,-0.4629,-0.6776,0.0
Jake Meyers,20308,2024,2025,HOU,-0.3318,-0.1156,0.0
Joey Ortiz,25493,2024,2025,MIL,-0.5294,0.7712,0.0
Ryan Mountcastle,18373,2024,2025,BAL,0.4002,-0.0756,0.0
Gavin Sheets,19901,2024,2025,CHW,-0.4966,0.2145,0.0
Cedric Mullins,17929,2024,2025,BAL,-0.8818,0.5234,0.0
Isiah Kiner-Falefa,16512,2024,2025,- - -,-1.3271,1.3484,0.0
Jake McCarthy,21622,2024,2025,ARI,-1.5645,1.1517,0.0
Ryan O'Hearn,16442,2024,2025,BAL,-0.264,1.2014,0.0
Jonah Heim,16930,2024,2025,TEX,-0.436,0.6628,0.0
Michael Conforto,16376,2024,2025,SFG,0.7992,-0.3049,0.0
Gavin Lux,19955,2024,2025,LAD,-0.5424,0.0088,0.0
Connor Wong,19896,2024,2025,BOS,-0.6273,-0.4617,0.0
Keibert Ruiz,19610,2024,2025,WSN,-1.1951,1.7972,0.0
Jose Caballero,23401,2024,2025,TBR,-1.0097,-0.6716,0.0
Paul DeJong,18015,2024,2025,- - -,0.2743,-1.8108,0.0
Tommy Pham,2967,2024,2025,- - -,0.0996,-0.0807,0.0
Brandon Marsh,20202,2024,2025,PHI,0.418,-0.9791,0.0
Josh Rojas,19734,2024,2025,SEA,-0.5604,-0.164,0.0
Mike Yastrzemski,14854,2024,2025,SFG,0.2518,-0.5893,0.0
Tyler O'Neill,15711,2024,2025,BOS,1.5831,-1.8482,0.0
Jeff McNeil,15362,2024,2025,NYM,-1.0883,1.1461,0.0
Ha-seong Kim,27506,2024,2025,SDP,-0.7413,0.954,0.0
Michael Harris II,25931,2024,2025,ATL,0.6029,0.0236,0.0
Austin Riley,18360,2024,2025,ATL,1.5832,-0.5464,0.0
Jorge Polanco,13152,2024,2025,SEA,0.015,-1.0015,0.0
Ryan Jeffers,24618,2024,2025,MIN,0.0421,0.27,0.0
Xander Bogaerts,12161,2024,2025,SDP,-0.5359,0.8723,0.0
Mark Canha,11445,2024,2025,- - -,-1.0049,0.1177,0.0
Gio Urshela,10681,2024,2025,- - -,-0.9278,0.8037,0.0
Max Schuemann,24488,2024,2025,OAK,-0.7244,-0.6956,0.0
Giancarlo Stanton,4949,2024,2025,NYY,2.8018,-1.5383,0.0
Michael Toglia,25845,2024,2025,COL,1.5609,-1.6469,0.0
Luke Raley,19354,2024,2025,SEA,0.7498,-1.5093,0.0
Mark Vientos,22184,2024,2025,NYM,1.1014,-1.45,0.0
Davis Schneider,23565,2024,2025,TOR,0.3916,-1.4063,0.0
Ernie Clement,20352,2024,2025,TOR,-1.0489,1.874,0.0
Lawrence Butler,22542,2024,2025,OAK,0.7211,-0.417,0.0
Jo Adell,20220,2024,2025,LAA,0.9296,-0.9387,0.0
J.P. Crawford,15491,2024,2025,SEA,-0.3797,0.1442,0.0
Joc Pederson,11899,2024,2025,ARI,1.0548,-0.1835,0.0
Patrick Bailey,27478,2024,2025,SFG,-0.2437,0.0198,0.0
Jordan Westburg,27815,2024,2025,BAL,0.6804,-0.2715,0.0
Wilyer Abreu,23772,2024,2025,BOS,0.9285,-0.9454,0.0
Jared Triolo,25807,2024,2025,PIT,-0.6211,-0.6425,0.0
Andy Pages,24816,2024,2025,LAD,0.4109,-0.2513,0.0
Brayan Rocchio,23690,2024,2025,CLE,-1.2626,0.2401,0.0
Dylan Moore,18042,2024,2025,SEA,-0.0436,-0.622,0.0
Fernando Tatis Jr.,19709,2024,2025,SDP,1.6457,-0.2357,0.0
Harrison Bader,18030,2024,2025,NYM,-0.3687,0.2398,0.0
Ozzie Albies,16556,2024,2025,ATL,-0.1491,0.7469,0.0
Otto Lopez,19608,2024,2025,MIA,-0.7294,0.7218,0.0
Blake Perkins,19921,2024,2025,MIL,-0.8903,-0.4747,0.0
Mitch Garver,15161,2024,2025,SEA,-0.0015,-1.2448,0.0
Mauricio Dubon,16530,2024,2025,HOU,-1.2335,1.06,0.0
Kyle Isbel,21614,2024,2025,KCR,-0.7824,0.7889,0.0
Luis Robert Jr.,20043,2024,2025,CHW,0.4459,-1.5918,0.0
Wenceel Perez,22857,2024,2025,DET,-0.7453,0.277,0.0
Brandon Lowe,18882,2024,2025,TBR,0.6589,-1.015,0.0
Hunter Renfroe,15464,2024,2025,KCR,-0.1123,0.1961,0.0
Rowdy Tellez,15679,2024,2025,PIT,0.3202,0.3669,0.0
Masataka Yoshida,31837,2024,2025,BOS,-0.4497,1.547,0.0
Mickey Moniak,19956,2024,2025,LAA,0.1962,-0.8698,0.0
Austin Wells,27562,2024,2025,NYY,0.1105,-0.1872,0.0
J.T. Realmuto,11739,2024,2025,PHI,0.2291,-0.1746,0.0
Pete Crow-Armstrong,27769,2024,2025,CHC,-0.3814,-0.7027,0.0
Lars Nootbaar,21454,2024,2025,STL,0.626,0.5567,0.0
Nolan Gorman,22263,2024,2025,STL,1.0947,-2.5553,0.0
LaMonte Wade Jr.,18126,2024,2025,SFG,0.2908,0.0323,0.0
Trevor Larnach,21501,2024,2025,MIN,0.6497,-0.1682,0.0
Max Kepler,12144,2024,2025,MIN,0.0594,0.331,0.0
Ke'Bryan Hayes,18577,2024,2025,PIT,-0.8242,0.9426,0.0
Enrique Hernandez,10472,2024,2025,LAD,-0.2009,0.1156,0.0
David Fry,24934,2024,2025,CLE,-0.3116,0.0202,0.0
Santiago Espinal,19997,2024,2025,CIN,-1.5548,1.4529,0.0
Bo Naylor,21865,2024,2025,CLE,-0.1247,-1.228,0.0
Byron Buxton,14161,2024,2025,MIN,1.1215,-0.9612,0.0
Geraldo Perdomo,22799,2024,2025,ARI,-1.001,1.5035,0.0
Will Benson,21853,2024,2025,CIN,0.4652,-2.7996,0.0
Nick Gonzales,27490,2024,2025,PIT,-0.2186,0.2714,0.0
Josh Lowe,19953,2024,2025,TBR,0.3599,-1.2921,0.0
Alejandro Kirk,22581,2024,2025,TOR,-0.0585,1.4503,0.0
Tyler Freeman,22532,2024,2025,CLE,-0.9077,1.3302,0.0
Jake Fraley,19260,2024,2025,CIN,-1.3395,0.3596,0.0
Spencer Horwitz,26477,2024,2025,TOR,-0.3412,0.6158,0.0
Thairo Estrada,16426,2024,2025,SFG,-0.9171,0.6394,0.0
Spencer Torkelson,27465,2024,2025,DET,-0.2422,-0.6712,0.0
Starling Marte,9241,2024,2025,NYM,-0.2044,-0.1961,0.0
Lenyn Sosa,22896,2024,2025,CHW,-0.2874,0.4489,0.0
Freddy Fermin,21840,2024,2025,KCR,-1.0132,0.6189,0.0
Carlos Correa,14162,2024,2025,MIN,0.4417,0.7007,0.0
Abraham Toro,19844,2024,2025,OAK,-0.8222,1.159,0.0
Johan Rojas,24336,2024,2025,PHI,-1.1651,0.345,0.0
Miguel Amaya,21693,2024,2025,CHC,-0.5427,0.6408,0.0
Willson Contreras,11609,2024,2025,STL,0.9261,-1.144,0.0
Michael Massey,27684,2024,2025,KCR,-0.1924,1.2326,0.0
Gabriel Moreno,22664,2024,2025,ARI,-0.1632,0.9804,0.0
Elias Diaz,11680,2024,2025,- - -,-0.7338,-0.0275,0.0
Mike Tauchman,15274,2024,2025,CHC,-0.1156,0.245,0.0
Amed Rosario,15518,2024,2025,- - -,-0.8717,0.2907,0.0
Jake Bauers,15194,2024,2025,MIL,0.3457,-1.5776,0.0
Tyrone Taylor,13675,2024,2025,NYM,-0.3132,0.1224,0.0
Francisco Alvarez,26121,2024,2025,NYM,0.0377,-0.5348,0.0
Tyler Fitzgerald,26208,2024,2025,SFG,-0.3949,-1.5178,0.0
TJ Friedl,19522,2024,2025,CIN,-1.0237,1.0881,0.0
Travis d'Arnaud,7739,2024,2025,ATL,0.2413,-1.1139,0.0
Kyle Tucker,18345,2024,2025,HOU,0.6586,0.7551,0.0
Jake Rogers,19452,2024,2025,DET,-0.005,-1.3658,0.0
Miguel Rojas,7802,2024,2025,LAD,-1.337,1.7349,0.0
Bo Bichette,19612,2024,2025,TOR,-0.4801,0.6991,0.0
James Wood,29518,2024,2025,WSN,0.6126,-1.0051,0.0
Nick Fortes,21538,2024,2025,MIA,-1.4841,1.5634,0.0
Ben Rortvedt,20287,2024,2025,TBR,-1.0504,-0.5896,0.0
Oswaldo Cabrera,21707,2024,2025,NYY,-0.9593,0.7719,0.0
Zach McKinstry,19392,2024,2025,DET,-0.8151,0.2801,0.0
Royce Lewis,20437,2024,2025,MIN,0.3187,-0.1836,0.0
Danny Jansen,16535,2024,2025,- - -,-0.6635,0.5085,0.0
Miguel Andujar,15878,2024,2025,OAK,-1.0258,1.5752,0.0
David Hamilton,27531,2024,2025,BOS,-0.6748,-0.2299,0.0
Christian Yelich,11477,2024,2025,MIL,0.243,0.5079,0.0
Christian Vazquez,9774,2024,2025,MIN,-0.7671,0.5031,0.0
Carson Kelly,13620,2024,2025,- - -,-0.5357,0.5192,0.0
Kevin Newman,17696,2024,2025,ARI,-1.7599,1.1052,0.0
Ramon Laureano,17128,2024,2025,- - -,0.5424,-1.3431,0.0
Donovan Solano,8623,2024,2025,SDP,-0.9955,0.2604,0.0
Rob Refsnyder,13770,2024,2025,BOS,0.2458,-0.6553,0.0
Dominic Smith,15653,2024,2025,- - -,0.1776,-0.3017,0.0
Luis Rengifo,19858,2024,2025,LAA,-1.0992,0.8568,0.0
Xavier Edwards,22266,2024,2025,MIA,-1.8588,0.8089,0.0
Ildemaro Vargas,13324,2024,2025,WSN,-1.3624,1.9544,0.0
Emmanuel Rivera,19890,2024,2025,- - -,-0.1239,-0.3097,0.0
Edouard Julien,27534,2024,2025,MIN,-0.0121,-1.5958,0.0
Ramon Urias,18795,2024,2025,BAL,-0.1052,-0.0446,0.0
Michael A. Taylor,11489,2024,2025,PIT,0.4885,-2.2968,0.0
Parker Meadows,23800,2024,2025,DET,-0.3864,-0.468,0.0
Nolan Jones,20529,2024,2025,COL,-0.3104,-0.8636,0.0
Kerry Carpenter,25961,2024,2025,DET,1.1924,-0.5757,0.0
Victor Robles,18363,2024,2025,- - -,-0.6456,0.3074,0.0
Adam Frazier,15223,2024,2025,KCR,-1.5166,0.54,0.0
Max Muncy,13301,2024,2025,LAD,0.4973,-0.9962,0.0
Jose Iglesias,10231,2024,2025,NYM,-1.247,1.4285,0.0
Javier Baez,12979,2024,2025,DET,-0.121,-0.3509,0.0
Ezequiel Duran,23733,2024,2025,TEX,-0.7283,0.0247,0.0
Joey Bart,21524,2024,2025,PIT,0.0765,-0.4449,0.0
Jacob Stallings,13723,2024,2025,COL,-0.6447,-0.3921,0.0
Gary Sanchez,11442,2024,2025,MIL,0.6673,-0.8624,0.0
Randal Grichuk,10243,2024,2025,ARI,0.6968,0.9043,0.0
Jack Suwinski,22244,2024,2025,PIT,0.0623,-0.7841,0.0
Edmundo Sosa,17022,2024,2025,PHI,0.2394,-0.5846,0.0
Victor Caratini,14968,2024,2025,HOU,-0.1999,0.2518,0.0
Jonah Bride,24703,2024,2025,MIA,-0.9308,0.6225,0.0
Chas McCormick,19599,2024,2025,HOU,-0.4274,-1.2649,0.0
Dylan Carlson,20126,2024,2025,- - -,-1.2928,-1.3125,0.0
Sean Murphy,19352,2024,2025,ATL,0.1425,-0.7673,0.0
Kyle Higashioka,5517,2024,2025,SDP,0.1073,-0.6529,0.0
Joey Loperfido,29630,2024,2025,- - -,-0.7387,-1.938,0.0
Matt Wallner,26466,2024,2025,MIN,2.057,-2.5756,0.0
Ivan Herrera,20599,2024,2025,STL,0.1614,0.2015,0.0
Austin Martin,27462,2024,2025,MIN,-1.3003,0.5127,0.0
Austin Hays,19363,2024,2025,- - -,-0.2685,-0.3754,0.0
Taylor Walls,22458,2024,2025,TBR,-1.4191,-0.587,0.0
